MFCC_1,MFCC_2,MFCC_3,MFCC_4,MFCC_5,MFCC_6,MFCC_7,MFCC_8,MFCC_9,MFCC_10,MFCC_11,MFCC_12,MFCC_13,Label
-211.80904,100.98999,19.580244,29.150085,-8.469731,1.2050695,-19.351604,-11.418967,-16.832483,-10.071862,-2.663026,-4.7862597,-7.549191,AndresCalzada
-296.98502,113.42928,6.085998,45.852634,-13.06737,16.40826,-18.100348,-5.329472,-17.428616,-8.938633,-16.851835,5.294287,-14.121896,AndresCalzada
-125.247314,62.008385,22.717709,16.145748,-1.125535,-4.278227,-12.390241,-11.901363,-14.491509,-9.475314,-0.677999,-5.7103157,-4.503604,AndresCalzada
-222.23328,110.66131,-6.835756,53.322666,-21.121214,27.163157,-29.038591,9.495079,-28.350325,-0.4047028,-25.328762,8.710523,-15.901995,AndresCalzada
-185.96785,57.685295,21.540583,14.876113,-1.6425422,-4.553245,-12.918058,-11.552648,-13.929735,-9.269846,-0.6030699,-5.077249,-3.1623673,AndresCalzada
-187.20074,72.45324,24.593168,24.412458,-1.668651,-2.2276514,-14.923583,-10.555043,-14.892035,-9.976114,1.1379212,-5.321271,-3.377886,AndresCalzada
-213.3791,113.79073,14.555385,31.010904,-8.843645,4.7507257,-20.252811,-8.629298,-18.008165,-10.002147,-4.0345044,-1.540979,-10.321104,AndresCalzada
-242.3625,135.58574,9.722073,37.897556,-8.652003,13.02489,-17.472168,-0.62941045,-16.05981,-8.195908,-6.3051624,10.996233,-12.680046,AndresCalzada
-93.11652,76.26204,30.654726,18.954058,0.612601,-1.4512769,-14.977851,-15.369287,-17.37313,-11.983609,-2.0216963,-2.9525578,-4.442001,AndresCalzada
-272.001,113.735535,20.614761,26.582928,-6.6224422,1.5916984,-32.845543,-6.801244,-16.163366,-5.4302855,3.805133,-7.8198357,-1.0645944,AndresCalzada
-181.81442,69.88726,15.630367,14.476518,-7.2331634,-0.27478886,-14.238576,-15.068497,-13.651752,-1.94352,-0.88634384,-5.6197777,-7.1359243,AndresCalzada
-201.41449,109.610085,16.594582,27.721794,-8.031065,2.1851912,-18.397287,-10.459545,-16.58112,-10.014256,-2.0014682,-3.9176352,-7.6118026,AndresCalzada
-211.51413,104.401306,20.667662,31.069841,-7.1456165,2.8232381,-18.003592,-10.084876,-15.614345,-8.747131,-1.3360336,-3.4660623,-6.1569805,AndresCalzada
-211.87727,103.45994,19.808964,30.38183,-7.8453507,1.9526122,-18.909342,-10.976293,-16.596695,-9.821763,-2.4389896,-4.638988,-7.3135414,AndresCalzada
-211.51413,104.401306,20.667662,31.069841,-7.1456165,2.8232381,-18.003592,-10.084876,-15.614345,-8.747131,-1.3360336,-3.4660623,-6.1569805,AndresCalzada
-201.41449,109.610085,16.594582,27.721794,-8.031065,2.1851912,-18.397287,-10.459545,-16.58112,-10.014256,-2.0014682,-3.9176352,-7.6118026,AndresCalzada
-208.10323,124.88085,17.491898,31.669518,-4.7987924,5.095844,-14.9390745,-6.7456083,-13.736041,-6.325942,2.5904698,1.8090256,-8.487529,AndresCalzada
-179.81468,125.78001,19.903189,35.750484,-13.0379715,10.218266,-23.917042,-10.822496,-21.697714,-12.291147,-0.6877055,-2.463446,-8.665074,AndresCalzada
-213.05385,119.5948,20.630035,34.19575,-7.611045,9.685279,-25.921177,-8.413537,-14.605044,-12.420917,1.0877181,-1.008937,-8.862161,AndresCalzada
-220.77986,112.57341,2.0678022,34.32636,1.999583,-2.41741,-23.636919,-4.8712764,-5.644926,-9.937006,-4.197045,-6.235437,0.53218925,ArathDaniela
-220.77986,112.57341,2.0678022,34.32636,1.999583,-2.41741,-23.636919,-4.8712764,-5.644926,-9.937006,-4.197045,-6.235437,0.53218925,ArathDaniela
-166.15367,68.37712,20.705135,24.20432,7.242502,-4.875663,-16.045925,-7.0284452,-2.9105887,-7.436019,-2.6131725,-4.4173245,0.08651946,ArathDaniela
-281.55908,76.207535,-16.620136,47.362053,-15.852321,31.257656,-28.782063,6.4414783,-22.257732,8.219058,-13.596898,5.697076,-5.0094714,ArathDaniela
-155.6421,60.568764,18.715626,21.771025,6.1900597,-5.8398204,-16.342339,-7.7018604,-3.7759206,-8.077451,-3.5702996,-5.352039,-1.0745001,ArathDaniela
-217.23384,108.890114,-1.968277,35.54356,-2.3962996,-2.5283804,-29.029503,-7.8517513,-4.204711,-8.968252,-1.7882221,-7.9813504,-0.2223052,ArathDaniela
-176.78856,58.9612,14.811307,22.257603,1.2027504,-8.040594,-21.862291,-3.1081252,-5.089531,-3.2144723,-5.5559154,-2.9516585,-2.8695226,ArathDaniela
-143.71768,51.965405,25.893824,18.835987,0.44642657,-9.934309,-10.514749,-4.3923507,-1.6351197,-2.0382066,-1.8652366,-1.3762206,2.260842,ArathDaniela
-225.6265,116.58538,15.081053,31.274805,-18.14805,-8.182569,-10.634198,-2.4442327,-14.73891,1.3981956,-3.074299,0.27536923,-3.081393,ArathDaniela
-156.86203,111.0652,8.304249,35.226288,-9.764503,-4.976617,-17.557955,2.1788032,-10.352205,-2.8709326,-7.2235103,-6.436507,-0.5595711,ArathDaniela
-144.74725,88.9454,9.675226,24.961712,-2.4305584,2.4140787,-28.051847,-0.7027505,-12.94968,3.4422464,-14.256391,4.2632527,-7.9764495,ArathDaniela
-219.40025,114.23289,3.640817,35.761086,3.4631264,-0.99746877,-22.278233,-3.547446,-4.3160963,-8.531243,-2.737482,-4.8347096,1.7866238,ArathDaniela
-219.2486,113.1423,3.1142762,34.90959,2.9065495,-1.8131665,-22.937029,-4.0448275,-4.7806644,-8.990282,-3.3551571,-5.344079,1.0614275,ArathDaniela
-220.09781,112.2127,2.6584077,33.989143,2.5106654,-2.4397094,-23.199066,-4.650304,-5.3806024,-9.598853,-4.204537,-5.8969884,0.3798341,ArathDaniela
-210.20105,117.61154,-0.017000237,32.334206,0.08086849,-1.7929438,-22.868856,-4.472938,-4.1111846,-8.885941,-4.1493344,-5.973656,0.82899064,ArathDaniela
-220.09781,112.2127,2.6584077,33.989143,2.5106654,-2.4397094,-23.199066,-4.650304,-5.3806024,-9.598853,-4.204537,-5.8969884,0.3798341,ArathDaniela
-222.39987,101.5019,19.126638,32.107105,-8.081979,-5.63817,-16.704424,-0.22645916,-2.7842443,-0.5989216,-3.161384,-3.2716382,4.05094,ArathDaniela
-202.20844,113.49886,16.636763,24.87461,-18.276932,-8.261316,-8.405375,-5.8954444,-10.218605,0.24983257,-2.6214902,-1.7305068,-2.01805,ArathDaniela
-156.86203,111.0652,8.304249,35.226288,-9.764503,-4.976617,-17.557955,2.1788032,-10.352205,-2.8709326,-7.2235103,-6.436507,-0.5595711,ArathDaniela
-283.38925,65.69124,-2.877705,31.167059,-25.114786,-17.011858,-24.030397,-24.352053,-2.7251086,-20.724943,-5.8506866,0.61392975,-15.742933,Ariana
-298.1581,65.32712,-6.7083335,31.22533,-31.324339,-18.645369,-26.542454,-24.840942,-0.8512081,-22.42439,-3.4424665,-0.79097813,-18.447058,Ariana
-228.62561,54.01678,2.9421055,24.955076,-19.416084,-8.834417,-18.383894,-17.923317,-3.8117087,-10.467786,-1.8018099,5.410778,-12.161076,Ariana
-232.14821,52.92037,2.0405545,23.167606,-16.978361,-12.451945,-16.820965,-21.689825,-0.9959991,-13.917324,-2.3975446,3.1730075,-11.015634,Ariana
-177.28012,49.47867,12.980453,19.524086,-11.376555,-10.9704275,-15.496103,-20.065092,-5.9670854,-13.409894,-4.684361,-0.5360987,-9.2989025,Ariana
-350.2083,79.08909,-13.456977,45.987144,-23.60106,-7.4171324,-18.0023,-21.5564,-4.3072634,-8.774245,-17.2357,14.188215,-11.104592,Ariana
-261.22903,91.9391,9.2630205,38.47036,-17.080431,-6.7345457,-15.076307,-17.78388,3.135786,-13.869948,0.7185562,6.198202,-10.435647,Ariana
-206.37811,59.14508,-9.827675,17.206598,-33.351322,-14.856805,-22.941956,-12.892903,-3.0966609,-15.463935,0.62372065,-0.05825946,-15.56269,Ariana
-351.11975,97.87009,-18.0723,50.96088,-23.063967,-3.8886847,-14.326063,-10.98379,-14.283196,4.3117704,-20.401197,8.194296,-10.725749,Ariana
-142.92123,44.272232,12.320189,22.97935,-14.60596,-11.829148,-11.206534,-12.124365,0.32122076,-6.631571,-1.5743006,-0.5918651,-6.400545,Ariana
-273.29044,71.892334,-11.540254,23.642952,-12.73948,-16.253866,-28.286629,-4.0541277,-10.821131,0.33749822,-14.80704,3.0085537,-8.071154,Ariana
-275.16672,78.35783,5.48609,38.773815,-18.600172,-10.303878,-17.48403,-18.298714,2.8949761,-15.319864,-0.33843967,6.3601604,-9.940511,Ariana
-273.14978,78.35442,2.6613955,36.012222,-19.311686,-10.404003,-18.139275,-19.105742,2.1264756,-15.913418,-1.6251378,4.5009117,-11.816205,Ariana
-255.08955,96.21235,8.317228,38.257633,-19.42203,-12.599959,-21.3994,-23.488213,-1.3988684,-17.72101,-4.118299,1.7210264,-12.723523,Ariana
-278.91946,73.768364,2.0208998,36.460667,-20.337463,-12.135505,-19.55876,-20.322838,1.0987906,-17.110806,-2.5490515,3.7241445,-12.567517,Ariana
-261.22903,91.9391,9.2630205,38.47036,-17.080431,-6.7345457,-15.076307,-17.78388,3.135786,-13.869948,0.7185562,6.198202,-10.435647,Ariana
-252.27301,88.81251,-5.929749,29.609983,-24.507458,-16.310974,-21.114876,-17.557396,1.5819458,-19.042501,-4.9938645,4.4962325,-13.0294485,Ariana
-237.35437,93.56354,3.0766592,31.539347,-25.316698,-6.718933,-15.737447,-16.40806,-0.11438973,-13.287125,-2.163651,-1.3149815,-9.073687,Ariana
-211.82921,76.12866,11.342141,40.217648,-22.735163,-12.087927,-15.115606,-9.032807,1.7349675,-9.019701,-1.2157997,1.7004298,-8.281787,Ariana
-190.88698,117.61979,15.529726,27.431646,0.6364981,-8.400271,-17.053295,-11.179249,-1.7733619,-5.846446,0.12911825,-9.010631,-5.9229217,Camila
-254.91643,94.895035,17.552038,20.399115,0.66688925,-10.365819,-14.928452,-10.797417,-3.2486804,-3.1038759,-0.13453281,-7.0971684,-5.1493473,Camila
-178.45146,89.24649,28.247807,16.683704,1.8739738,-9.306696,-14.459088,-8.218681,-4.6164837,1.8013817,-1.264546,-2.2259855,-7.891621,Camila
-157.88287,76.78144,29.803381,15.810963,2.150263,-12.633816,-12.62685,-10.251137,-3.9343503,-1.322119,0.031242935,-5.303858,-6.726573,Camila
-240.2635,110.31422,15.608441,23.713158,2.3264086,-6.269295,-10.591952,-5.8789783,-0.73095983,-4.1951942,0.37796426,-6.069826,-2.9802291,Camila
-129.96198,86.28439,36.224476,22.239517,8.362214,-3.7782142,-6.4963503,-5.758338,-0.33084452,1.3087031,1.9096233,-1.6881022,-2.4377031,Camila
-221.78967,119.55101,10.955343,18.736927,-3.8091183,-8.701275,-17.275854,-10.308203,-1.5931032,-2.1190035,-1.0665756,-8.891155,-4.8721414,Camila
-157.11984,52.979645,23.86665,11.072849,4.063615,-2.8477335,-6.863142,-6.769121,-6.3190455,-3.4382977,-1.4102808,-2.8882906,-1.9511397,Camila
-275.0975,125.68443,29.095903,23.26455,4.9813714,3.4856431,-6.451269,4.798789,-1.8745239,-0.5903572,6.4024696,-1.7082208,2.250397,Camila
-265.15082,121.55314,23.514112,21.8149,0.5030968,-3.7862198,-6.0161653,-0.45096418,-2.1530373,-2.4320655,3.5308352,-3.5682213,-1.8490485,Camila
-305.95084,97.49682,23.70625,16.070107,6.299231,-0.6064027,-4.576902,2.711784,-1.6931757,2.9630392,4.913754,-2.406493,-2.9373918,Camila
-171.99167,118.516685,19.778288,24.465958,7.373729,-6.1229434,-11.979834,-8.524481,-0.5802323,-2.5316172,0.7310245,-5.177244,-6.2715898,Camila
-186.19817,122.04617,17.23884,27.206331,1.2388586,-6.9917593,-14.983458,-9.038737,0.2367434,-4.077341,1.1147487,-8.004443,-5.2482553,Camila
-180.21019,124.358505,16.697092,27.158678,3.1965303,-5.9749184,-12.674858,-7.0988965,-0.89501303,-4.923161,0.8903451,-6.9133143,-4.9669013,Camila
-175.17911,128.02791,22.289413,28.993517,5.6931934,-1.9987023,-9.758654,-5.0171843,1.818505,-1.4468486,4.047181,-3.1445994,-0.8096796,Camila
-180.47075,121.33086,12.977448,23.474125,2.0145714,-5.706169,-16.42454,-11.072091,-1.6983403,-3.6430888,-0.90474653,-8.819999,-5.266472,Camila
-249.49063,125.706406,10.685844,13.984361,3.2293038,1.5200189,-11.4766655,-5.6520977,-7.3608985,-2.8194253,-0.88817346,-5.0946507,-0.8123668,Camila
-250.71399,126.0461,30.6946,24.46771,5.410768,3.4534473,-4.4875193,5.173448,-0.81205815,-0.32398698,7.9607935,0.48785022,2.0993993,Camila
-265.15082,121.55314,23.514112,21.8149,0.5030968,-3.7862198,-6.0161653,-0.45096418,-2.1530373,-2.4320655,3.5308352,-3.5682213,-1.8490485,Camila
-247.76134,69.68649,35.460773,36.497044,9.944394,6.437763,-5.5329103,-4.686771,1.3826398,-5.634548,-5.0922127,1.0756388,-2.2236538,Cielo
-269.38474,71.49046,31.470802,40.354977,8.50988,9.671461,-7.6333055,-1.9277135,-1.4848427,0.26387814,-10.561028,4.575926,-4.5113707,Cielo
-173.35988,70.591736,30.842882,23.638422,7.1338363,5.1725745,-3.2154639,-5.337145,1.7037615,-1.5941375,-3.252776,1.3502373,-2.483179,Cielo
-193.63928,52.94291,28.498728,24.968748,10.807494,4.5145006,-3.1397712,-6.4032736,2.810106,-1.8056542,-4.0495005,3.6352122,-3.21132,Cielo
-153.82458,58.128323,29.587234,22.316973,8.905948,3.9957433,-2.2037373,-5.443592,1.8768487,-1.7379179,-3.3679383,1.5065954,-2.3723228,Cielo
-249.05055,69.55418,28.300922,27.392672,-8.656901,-3.2312155,-15.954264,0.49973458,-6.604313,-7.5728292,-3.078391,-5.663132,-12.26681,Cielo
-223.16208,102.37548,9.760605,41.359974,-0.063552305,9.813171,-12.229526,-2.0867198,-13.810178,6.250245,-14.362986,2.870795,-6.0453463,Cielo
-271.93015,99.13558,12.835734,21.234238,-0.73891145,7.1050897,-16.860651,5.9017434,6.5716,-9.815162,6.409153,-2.3458843,-1.0156382,Cielo
-202.96233,99.717384,-5.693845,8.551693,-7.1378264,-9.937339,-19.113089,5.7956905,-11.597321,-12.993623,-6.0270953,-8.129598,-2.1520202,Cielo
-195.23254,31.543127,5.5956826,4.589232,-0.5871188,-0.294,-6.9530606,2.0961921,-0.33151713,-6.553466,-2.1971843,-5.5026107,-4.028936,Cielo
-366.4727,58.456474,5.5789895,17.28073,-4.137943,8.4220085,-5.89475,-7.263477,4.7605863,-8.094415,3.0863347,-2.3490565,-1.0643015,Cielo
-202.14638,96.6344,24.072842,26.21107,4.3658576,7.5183153,-4.321651,-5.922633,2.2897651,-1.8958648,-2.904685,1.4895376,-2.7384307,Cielo
-223.64847,86.16077,31.968042,30.208557,11.762167,4.5913296,-3.636846,-2.5116355,3.20979,-2.5326693,-3.7555144,3.5022342,-3.688083,Cielo
-202.14638,96.6344,24.072842,26.21107,4.3658576,7.5183153,-4.321651,-5.922633,2.2897651,-1.8958648,-2.904685,1.4895376,-2.7384307,Cielo
-239.51982,77.5495,32.24775,32.05348,7.7333035,6.7259355,-4.770025,-3.913116,1.4728674,-5.5810122,-4.929833,1.0671251,-2.5516825,Cielo
-189.30115,97.6302,18.906311,30.9412,2.5316756,-0.24735215,-9.0695095,-8.619316,-1.9323813,-4.2791467,-6.5068307,-1.6580414,-2.7604346,Cielo
-271.93015,99.13558,12.835734,21.234238,-0.73891145,7.1050897,-16.860651,5.9017434,6.5716,-9.815162,6.409153,-2.3458843,-1.0156382,Cielo
-181.57452,102.846306,-5.198409,10.777534,-4.867739,-2.8043485,-19.434855,3.6914175,-5.446486,-11.975698,-4.364854,-10.329614,-6.108409,Cielo
-289.24408,73.68245,10.204213,13.771189,-2.6757004,4.2690206,-13.492942,7.7518845,1.376267,-9.938267,2.7208488,-8.895969,-2.2812166,Cielo
-238.21637,94.25468,7.710666,26.45836,-3.8901467,-7.5012197,-17.035378,-5.6292706,-15.234989,-6.376971,-7.440191,-6.1110444,-5.144734,DafneA
-209.3463,74.17059,10.838355,19.242723,-3.2724507,-14.077412,-15.812509,-7.940252,-15.690426,-8.507405,-7.2809205,-7.321388,-7.0671625,DafneA
-241.20016,125.97708,-1.6658235,42.313107,-3.3585684,18.565262,-22.218534,7.3224425,-12.89515,-0.5075748,-10.385577,0.7136411,-7.4344463,DafneA
-277.27878,112.418564,7.5950594,24.390676,-7.9171505,-8.462785,-7.237162,1.2352089,-8.645852,2.3206515,-2.388191,0.13951012,-1.7632592,DafneA
-226.33998,94.13771,6.2376585,23.112183,-9.703792,-12.59163,-11.842487,-4.2054043,-14.310834,-2.7097712,-6.852154,-1.5169861,-4.299835,DafneA
-238.26305,86.94258,15.357848,30.069613,-5.714824,4.961697,-18.030931,10.192679,-16.103485,5.7220774,-11.1679945,9.681321,-9.118947,DafneA
-171.2978,55.578915,10.246228,15.296346,-2.990021,-10.321569,-14.105558,-6.235363,-14.683356,-5.095647,-9.360021,-3.7247405,-5.185977,DafneA
-238.82735,124.72088,7.19534,24.895021,7.4646873,-12.153651,-20.440685,-7.668341,-20.888596,-7.676568,-11.613891,-6.4589643,-3.8615787,DafneA
-192.45235,132.00006,15.850452,21.101694,4.396177,-11.555199,-14.115641,-8.654141,-17.130919,-5.4745264,-8.67528,-5.5170417,-3.6651707,DafneA
-263.85815,115.697334,11.909846,23.170988,5.531215,-11.239999,-11.388626,0.6056653,-6.9809237,1.2753334,-6.529932,-0.113125876,-1.525023,DafneA
-296.5192,97.25005,3.0948749,26.026604,-2.873172,-7.944818,-13.325928,-1.6107346,-14.173336,-6.055542,-6.6435413,-4.3515987,-2.1548343,DafneA
-201.23895,107.91889,12.540279,26.216198,3.6566596,-1.3973863,-11.861187,1.0182682,-9.276665,-1.3619322,-3.9497488,-1.0643535,-1.3609102,DafneA
-182.39131,134.50862,7.184613,30.901016,-4.5606937,-4.2628136,-10.756891,2.389545,-7.387664,-0.29775947,-2.2170155,-0.73090696,-0.7362684,DafneA
-208.71173,101.4238,6.4435782,27.58423,-2.6594598,-5.448573,-14.056177,-0.6881389,-13.507321,-3.9481149,-6.5689287,-2.200184,-3.9215462,DafneA
-182.39131,134.50862,7.184613,30.901016,-4.5606937,-4.2628136,-10.756891,2.389545,-7.387664,-0.29775947,-2.2170155,-0.73090696,-0.7362684,DafneA
-226.04297,104.59886,5.568826,24.095724,-1.537324,-4.7298245,-17.422783,-6.704374,-14.149819,-4.3743815,-7.222858,-5.6974654,-3.90851,DafneA
-228.51056,119.898125,8.026593,28.315868,4.630468,-9.081383,-15.815106,-4.6889315,-18.430765,-5.9732165,-9.041019,-5.2829804,-2.417737,DafneA
-200.8983,142.0877,9.001786,25.602522,1.4066845,-9.232537,-16.22943,-6.688462,-19.193266,-3.7371652,-10.02777,-4.142537,-4.7942495,DafneA
-241.45766,119.693405,13.421869,25.149824,11.738808,-3.5917485,-12.307426,1.6320395,-7.6634283,-0.28300056,-4.2570076,-1.991324,-1.6110462,DafneA
-373.96744,88.96673,15.753027,24.375647,9.318546,2.2907667,-5.7701373,3.2206583,-3.3024206,-2.5451677,-3.922512,2.6467726,-2.1364474,Daniel
-237.17572,34.95238,12.295282,15.59127,0.42997098,-0.121572345,-8.883892,-1.2034217,-4.5215406,-0.40418783,-3.7626896,1.6957719,-5.8996696,Daniel
-357.0499,148.48058,3.0994387,28.005426,5.243842,13.148929,-7.7375274,-3.1616821,-6.1879587,0.47851932,-5.9354596,-4.225284,0.7986965,Daniel
-349.95383,117.10564,2.3630674,19.238846,1.6967212,2.2692432,-10.346555,-2.0456593,-3.6678226,-3.1545825,-5.0580363,2.3329225,-4.692955,Daniel
-341.0563,75.89407,16.817333,36.497746,-1.8614044,13.46533,-18.324282,4.575803,-14.766856,4.683889,-14.606492,6.281306,-9.737956,Daniel
-404.81696,107.67162,19.793535,25.156862,6.330558,3.686613,-4.85188,2.2417762,-2.1546795,1.5709287,1.2269677,4.1197596,-2.9314675,Daniel
-273.8079,57.63335,21.377045,22.599329,10.745792,1.3952202,-4.9905663,0.046658028,-2.2538354,-3.839791,-1.631899,1.5800794,-1.0333972,Daniel
-359.56903,105.52163,19.0628,30.749506,11.995664,3.1502318,-12.170867,8.439035,-8.012557,-2.1889017,-2.7266445,0.67193085,-2.0841372,Daniel
-315.36487,103.828094,25.627775,31.801323,10.130889,6.24342,-11.078699,8.909772,-3.0764916,-2.4999177,-0.19598123,3.2761402,-2.019575,Daniel
-235.87054,117.44858,15.360566,25.434729,7.035055,2.411758,-6.7667713,3.2085981,3.382229,-0.29349852,-5.36808,4.0257454,0.5082894,Daniel
-343.6128,116.09089,12.121574,16.81178,1.03505,10.352315,-24.268396,3.5402167,-2.1388521,-2.639068,-1.726381,4.537995,0.31769365,Daniel
-277.72705,135.94093,3.0620742,20.141083,4.1367745,1.7786434,-10.117027,-2.7303112,-3.5985794,-3.680945,-5.2919145,1.5849324,-4.8872995,Daniel
-277.72705,135.94093,3.0620742,20.141083,4.1367745,1.7786434,-10.117027,-2.7303112,-3.5985794,-3.680945,-5.2919145,1.5849324,-4.8872995,Daniel
-294.92072,136.53494,15.750511,32.56151,7.4450936,-4.7587376,-13.31615,-3.2126977,-7.396256,-3.5602221,-5.6038213,0.36708882,-2.797964,Daniel
-312.4498,126.59827,20.744343,27.054642,9.293695,5.1704497,-4.881531,1.8411853,-3.4767935,1.5248779,-0.9702657,4.455281,-1.6208465,Daniel
-353.4324,107.58617,21.218382,26.065939,13.24001,3.2227275,-7.811419,1.0888673,-4.5023937,-3.462037,-4.0837803,3.2354078,-1.7052903,Daniel
-333.7749,109.328835,17.675886,29.73221,12.228453,5.083163,-10.624723,9.1431265,-7.2237267,-3.1591802,-3.512935,1.2793643,-3.2809715,Daniel
-315.36487,103.828094,25.627775,31.801323,10.130889,6.24342,-11.078699,8.909772,-3.0764916,-2.4999177,-0.19598123,3.2761402,-2.019575,Daniel
-235.87054,117.44858,15.360566,25.434729,7.035055,2.411758,-6.7667713,3.2085981,3.382229,-0.29349852,-5.36808,4.0257454,0.5082894,Daniel
-300.0237,121.95435,23.04091,18.442034,10.393825,1.648315,-7.9641213,-7.375415,-3.7804663,-10.3689,-10.55637,1.2985836,-7.877941,Daniel2
-149.94658,46.83238,18.151684,9.24523,5.4723635,2.164426,-3.6220975,-5.4234676,-5.3243604,-9.438894,-7.4535136,-2.7778876,-4.80506,Daniel2
-196.30022,53.77902,13.845508,18.154375,1.435415,11.5421295,-7.1359234,1.2763135,-12.579875,-0.09794913,-11.714105,3.4266484,-9.916155,Daniel2
-213.91072,127.338326,4.1853337,9.954338,3.0706506,3.1471558,-9.22696,-4.1355314,-2.6330385,-6.644329,-8.934823,1.8425221,-6.1070304,Daniel2
-188.82263,145.83853,0.3847363,15.057319,1.6372204,9.332391,-11.021294,-2.5369768,-6.566647,-3.8467145,-13.188935,4.1279016,-7.6977334,Daniel2
-187.54715,63.373936,27.666967,16.246572,10.525019,6.5487547,1.6313533,-0.12477832,-2.9136498,-6.7088847,-4.6661468,1.1180543,0.8330331,Daniel2
-154.16092,51.922752,21.376102,11.823701,7.4867554,4.4566045,-2.31713,-4.564328,-5.044593,-7.650876,-6.412922,-1.889643,-3.934116,Daniel2
-261.33908,121.11119,18.375177,14.876008,19.4636,8.301086,-1.901378,-5.3270664,-2.9323385,-7.7119536,-12.829426,5.477289,-6.8857856,Daniel2
-236.61362,145.4581,13.016593,18.867859,8.716728,9.443606,-6.8307233,-10.867673,-4.666559,-12.185964,-16.90315,2.5723276,-9.134972,Daniel2
-291.6234,134.17914,16.026491,19.34909,2.4473903,18.657438,-2.5294771,3.5436478,-6.6907067,8.541091,-11.968059,9.352987,-1.722508,Daniel2
-180.2418,133.63312,23.14768,13.644452,8.443054,13.877519,-0.07837554,-4.6987777,-0.5654178,0.07828893,-5.126929,4.546438,-2.0317647,Daniel2
-286.7985,131.56696,24.959988,17.15245,10.50071,4.205305,-6.0810294,-5.106007,-2.7670121,-10.124597,-9.225015,2.282124,-8.250959,Daniel2
-156.51459,143.89906,-0.77639264,13.468672,1.926503,5.5767593,-9.749166,-4.7771654,-4.2140822,-6.36666,-10.391619,3.2491522,-8.11741,Daniel2
-156.51459,143.89906,-0.77639264,13.468672,1.926503,5.5767593,-9.749166,-4.7771654,-4.2140822,-6.36666,-10.391619,3.2491522,-8.11741,Daniel2
-265.07538,139.4083,25.127642,18.620632,13.807816,9.672219,-1.1097299,-0.18226549,-1.2277173,-7.2077384,-4.423755,6.665471,-2.8649828,Daniel2
-286.7985,131.56696,24.959988,17.15245,10.50071,4.205305,-6.0810294,-5.106007,-2.7670121,-10.124597,-9.225015,2.282124,-8.250959,Daniel2
-240.45604,121.4034,21.13357,18.644,22.0351,7.7243657,-2.7495348,-6.2668843,-3.6174934,-8.101909,-10.910906,4.8155794,-6.7313848,Daniel2
-236.61362,145.4581,13.016593,18.867859,8.716728,9.443606,-6.8307233,-10.867673,-4.666559,-12.185964,-16.90315,2.5723276,-9.134972,Daniel2
-205.16219,140.22978,17.953037,16.231428,6.526439,14.480209,-0.088844955,-3.2779388,-2.3634455,1.8142953,-6.9803467,8.204353,-4.0999675,Daniel2
-301.1944,97.57131,4.700912,24.19231,11.87371,10.547744,-24.559841,5.5816526,-7.7959557,-7.503336,-19.239439,-10.032345,0.9487168,David
-148.71053,40.26491,10.661101,10.115417,10.095169,2.4232743,-10.46923,-3.0443108,-5.1149454,-8.975702,-10.060446,-6.288856,2.1149225,David
-378.18356,118.62315,-6.7401547,26.841408,3.0558286,26.571285,-23.681337,-2.5314124,-3.2897925,-4.1906366,-8.267382,-14.142196,-10.862975,David
-286.742,112.39189,12.661594,28.499842,15.200104,13.7858305,-21.987238,7.9327374,-4.759181,-3.4599674,-13.823323,-4.224929,6.0693913,David
-280.89395,110.518906,6.998551,26.196705,14.389601,12.701705,-20.575153,9.412475,-5.9039288,-4.4999523,-14.271155,-4.9745736,2.949365,David
-240.30196,79.36796,-4.956129,32.60053,-2.8062196,29.662512,-26.860554,9.300276,-12.6586075,7.129993,-18.290009,-2.5338292,-15.921552,David
-245.76169,132.0583,8.378466,31.751347,9.740174,5.3198595,-26.734663,1.868292,-11.377678,-5.9501486,-15.403409,-6.919087,1.230907,David
-244.50165,68.135635,-9.88155,33.739212,-6.3181014,32.153873,-29.043505,14.375652,-18.904377,11.606867,-16.36297,1.5398356,-16.176302,David
-245.1464,40.462727,8.952076,13.982815,6.762888,-1.3467734,-12.905683,7.306532,-6.8997483,-8.950069,-14.67183,-1.043576,-1.3263721,David
-202.70975,63.62026,22.582708,19.554565,15.623314,8.919284,-4.3295975,6.116632,1.1370423,-7.9233975,-7.6429305,-1.9714817,-0.4593447,David
-218.828,35.140644,8.196677,8.998486,10.137568,1.2204558,-7.706536,3.5821939,-3.5100708,-12.105386,-11.682749,-4.362482,-0.68581945,David
-289.90457,106.677536,4.438681,22.392254,11.925694,10.872076,-25.677586,3.0145411,-9.901043,-7.1732664,-16.731558,-7.7225766,1.9674895,David
-286.742,112.39189,12.661594,28.499842,15.200104,13.7858305,-21.987238,7.9327374,-4.759181,-3.4599674,-13.823323,-4.224929,6.0693913,David
-276.98065,109.91657,7.109878,26.493988,14.48596,12.570258,-20.534481,9.152234,-5.802323,-4.316287,-14.164121,-5.2443295,2.7559745,David
-288.55243,105.75423,8.612887,25.169392,16.886988,12.448249,-22.041126,6.247749,-6.7287006,-5.9862566,-16.727573,-7.456066,1.8140218,David
-245.76169,132.0583,8.378466,31.751347,9.740174,5.3198595,-26.734663,1.868292,-11.377678,-5.9501486,-15.403409,-6.919087,1.230907,David
-269.0163,98.308235,4.5164547,21.8742,18.630157,5.1479464,-23.9181,6.6912293,-10.9352,-4.0584226,-18.13948,-3.1027436,-1.1360042,David
-247.68768,103.38813,-0.77288735,23.976036,12.085281,8.803898,-22.931187,11.412962,-5.7857394,-6.1967936,-22.580244,-6.6195483,-0.28742343,David
-267.97864,112.052284,14.921715,24.186869,14.254179,14.321819,-11.592349,10.635352,-0.38578406,-6.879559,-10.495561,0.3986999,-1.5878135,David
-274.44064,93.15057,21.012886,26.098248,-1.056144,-10.743929,-16.523552,-3.3604743,-8.224302,-8.089293,3.8930805,-5.2787414,-10.400535,Didier
-352.41254,71.87094,15.801657,11.017995,-18.80752,-16.844774,-10.04551,-1.7189188,-10.565582,4.5619745,-11.05896,-10.462743,-8.964313,Didier
-207.06662,89.49738,23.779428,18.967537,-0.73195976,-8.445756,-12.7948475,-5.2585573,-9.098317,-8.635552,2.1409051,-3.9227312,-7.728788,Didier
-244.66467,100.9889,20.179325,19.09738,-7.2645617,-11.267737,-16.440554,-3.3465204,-12.626757,-5.0888343,1.8888924,-5.247651,-8.4642515,Didier
-298.78992,104.85855,18.586853,34.564957,0.396658,-2.2510026,-21.069422,0.5018286,-11.200482,-7.016017,-1.1623297,3.6375785,-13.052458,Didier
-184.78632,57.30314,21.718122,15.940261,-2.7389543,-12.123898,-14.117137,-8.002412,-9.850842,-7.976797,2.4199195,-1.9701587,-7.073154,Didier
-267.97815,101.483246,26.686255,30.166336,2.4206555,-7.5895066,-13.753775,-0.7726879,-5.713091,-5.476604,6.914329,-1.7803018,-6.827302,Didier
-271.93826,103.608444,20.664433,26.263687,-5.2941203,-13.576643,-15.844241,-2.01638,-12.792556,-8.952143,3.848996,-3.3997104,-7.890238,Didier
-167.16904,54.187378,24.188538,11.529532,1.0886841,-6.074039,-10.38274,-4.9054213,-6.2524567,-4.7490473,-1.1895003,-3.701688,-4.7900143,Didier
-320.34937,108.01617,22.303278,24.520527,-11.34253,-12.792614,-14.502584,0.87191665,-10.539977,-2.4850323,-2.126266,-14.5227585,-10.084745,Didier
-313.77695,94.77477,19.811514,17.66345,-16.378536,-12.607245,-9.857964,-1.4427211,-13.975032,1.1396435,-10.348471,-13.231614,-11.831171,Didier
-234.6615,114.99472,15.813029,21.660723,-1.6184796,-7.470196,-14.329437,-4.1922975,-9.686816,-9.152206,2.786048,-3.341803,-9.137834,Didier
-234.6615,114.99472,15.813029,21.660723,-1.6184796,-7.470196,-14.329437,-4.1922975,-9.686816,-9.152206,2.786048,-3.341803,-9.137834,Didier
-268.8721,98.96006,23.754072,28.080545,1.0209968,-9.136294,-15.100276,-2.1879632,-7.8182297,-7.9146624,4.520842,-4.269632,-9.146661,Didier
-268.8721,98.96006,23.754072,28.080545,1.0209968,-9.136294,-15.100276,-2.1879632,-7.8182297,-7.9146624,4.520842,-4.269632,-9.146661,Didier
-267.97815,101.483246,26.686255,30.166336,2.4206555,-7.5895066,-13.753775,-0.7726879,-5.713091,-5.476604,6.914329,-1.7803018,-6.827302,Didier
-253.80971,104.25236,19.32558,25.396406,-3.731951,-10.618049,-13.121941,-1.761801,-12.170215,-8.284352,4.2513113,-5.0931044,-9.182059,Didier
-265.379,128.91777,10.51128,17.364809,-0.87002075,-4.4873548,-14.513644,-1.2672755,-8.828968,-6.8793564,1.1169239,-4.415706,-6.1357512,Didier
-270.61774,102.814,23.306883,26.360828,-2.7117267,-6.9944186,-11.848398,-1.1699761,-8.0323,-5.6867747,2.0771766,-8.038996,-13.375119,Didier
-328.55594,78.66033,3.7786467,18.351515,-0.58680016,9.854359,-5.371293,-1.6901528,-4.5163937,-6.2198496,-5.3686757,0.49823838,-8.310824,Erik
-169.00322,36.960068,4.715262,5.482596,0.23947886,0.6344988,-3.2378504,-5.5808496,-4.9574738,-6.0799913,-3.3899677,-2.2101235,-5.024059,Erik
-293.50043,123.784874,-2.5470853,19.009985,-7.684357,10.983428,-11.060798,-3.8121812,-8.84156,-2.7307749,-11.722427,5.0872555,-12.527195,Erik
-259.86322,55.405434,-0.07469043,11.194838,-2.4024172,4.7562227,-8.992712,-1.9340404,-7.0943265,-4.448825,-2.1871233,-1.1463537,-5.517057,Erik
-337.25742,97.228065,5.1460257,24.036507,-0.9107346,12.108653,-8.548631,-1.870398,-6.1494207,-4.827403,-11.190287,3.4153993,-10.903691,Erik
-163.61354,35.327675,4.3813653,5.7350006,0.96128815,1.2253704,-3.2117362,-6.0399885,-4.988001,-6.0725684,-3.545674,-1.9534417,-4.421383,Erik
-300.9095,103.34193,15.166423,23.619093,5.1719246,11.027442,-4.4060607,-0.53756267,-3.1103206,-4.0476947,-3.7794719,2.610511,-8.049977,Erik
-212.72781,120.748535,-24.022388,11.726,-5.206807,15.935179,-13.768063,-7.194564,-6.3474216,-13.555367,-15.270948,0.22859703,-5.029352,Erik
-226.35098,83.42811,-1.7377357,7.795436,0.018928124,4.176916,-8.103852,-0.38419634,-10.169051,-10.292514,-13.3408,-2.1396964,-3.9984083,Erik
-242.7795,136.7427,-14.801562,25.250938,-3.7232583,4.043785,-10.509966,-2.3150058,-10.327173,-11.593767,-9.648642,-0.72661287,-8.281252,Erik
-281.6522,127.367134,-30.640265,18.608929,-12.433764,14.995686,-7.9470706,-10.033668,-1.660373,-21.022314,-9.650078,-0.49067944,-13.0682,Erik
-266.9663,118.667885,-0.16558082,13.746034,-2.7706792,6.5337143,-9.206805,-4.492342,-6.355585,-6.8936453,-6.228433,-0.18362397,-9.898912,Erik
-316.2984,86.45452,8.641842,20.25435,2.5794816,9.7198305,-5.6750827,-2.409422,-5.372308,-6.5023584,-5.6540475,1.0248264,-8.163371,Erik
-318.58774,89.67037,9.071165,20.470083,0.2984039,9.720104,-5.91071,-2.2119346,-5.289986,-7.1187043,-5.920483,0.49244997,-7.7918606,Erik
-315.97473,89.05315,2.8071423,15.099133,-0.23360443,10.80426,-7.7944093,-5.7472606,-6.6534767,-6.6951265,-6.399698,-0.74236983,-7.987493,Erik
-300.9095,103.34193,15.166423,23.619093,5.1719246,11.027442,-4.4060607,-0.53756267,-3.1103206,-4.0476947,-3.7794719,2.610511,-8.049977,Erik
-212.72781,120.748535,-24.022388,11.726,-5.206807,15.935179,-13.768063,-7.194564,-6.3474216,-13.555367,-15.270948,0.22859703,-5.029352,Erik
-269.73392,130.16487,-10.579335,5.9415083,1.5140802,5.680483,-7.0700045,-0.5821937,-10.072863,-9.905283,-14.53841,-3.2940671,-5.0249085,Erik
-242.7795,136.7427,-14.801562,25.250938,-3.7232583,4.043785,-10.509966,-2.3150058,-10.327173,-11.593767,-9.648642,-0.72661287,-8.281252,Erik
-292.64908,78.069565,35.473274,29.719675,-9.531001,-6.090169,5.453751,4.250851,-3.7128744,-13.177832,2.902451,-2.6281924,-4.968572,Esther
-366.0453,78.366806,14.594076,47.283897,-14.069128,5.2658725,-16.160927,14.932883,-5.1421223,6.0916233,-15.423619,9.175383,-6.790908,Esther
-235.07275,81.430275,-8.584194,56.113705,-26.266964,23.425314,-28.918324,19.701797,-16.685766,10.799535,-12.523934,4.2554946,-1.8852868,Esther
-296.68698,82.71213,36.11721,30.091242,-13.711907,-7.5326157,3.0493944,3.638333,-4.6022253,-15.046143,3.3305001,-3.31554,-5.435633,Esther
-298.53717,87.98155,31.217167,14.170187,-21.234087,5.4672747,0.4761731,-2.2570174,-15.253922,5.4569626,-5.0790973,-5.6901903,-1.9685469,Esther
-264.44073,88.1749,32.348763,22.689268,-9.229821,-7.539577,-2.1943693,-1.2303398,-5.230377,-11.236927,-0.8857408,-3.800369,-3.9656928,Esther
-292.75098,99.541824,36.135883,21.555054,-19.18324,1.7365931,2.0302474,2.3530955,-9.7244005,-3.2145395,5.248738,-5.5431986,-3.5186713,Esther
-200.50069,76.012375,33.952644,19.50263,-8.650431,-8.045644,-3.785752,0.6893962,-11.0088625,-3.7554946,-6.8401046,-6.93453,-12.201928,Esther
-189.07741,48.08621,27.916044,21.295813,-0.09414382,-4.6626697,2.044207,2.1953506,-1.438988,-4.425601,0.6389307,-0.5213658,-4.0212173,Esther
-357.42715,79.63009,35.789196,26.347656,-3.1143544,-3.8512852,7.329498,4.1036572,-4.4387884,-5.155481,-0.44922224,-1.7702987,-5.517597,Esther
-137.28021,44.599514,28.081997,18.605368,-2.3882964,-8.616894,-1.1885179,-0.92662215,-5.012393,-1.6310108,-2.0298681,-2.628862,-5.4619203,Esther
-288.64026,80.976425,34.24098,28.387682,-8.838576,-5.327794,4.53923,2.9616003,-3.591599,-12.634749,2.169995,-3.5801828,-4.415392,Esther
-289.1759,81.74236,37.28051,30.57328,-8.969074,-5.8283916,5.547892,4.463055,-3.4071517,-13.003784,2.845638,-2.7510626,-4.8977304,Esther
-282.95682,81.02792,34.21506,29.343876,-6.460025,-6.797417,4.592033,3.7529445,-3.7520792,-12.273101,2.7751625,-2.2687526,-4.989772,Esther
-253.24483,103.51323,25.517603,21.42599,-8.536812,-6.399274,-0.94699544,-1.3496603,-3.070903,-11.453842,1.5496806,-3.8624961,-4.9813757,Esther
-271.65088,96.201416,37.47041,27.625288,-9.206099,-5.022489,3.8472152,1.7084658,-3.1361759,-9.883018,5.0659146,-1.5579726,-4.0606284,Esther
-224.6863,105.38608,43.461155,33.89502,-5.7669845,-6.6560497,2.508297,4.5938888,-6.8711414,-10.210786,0.5334789,-5.9989076,-8.789949,Esther
-270.71747,83.22249,33.978703,35.048214,-3.8893752,-6.122109,6.688768,4.7863536,-1.2909662,-9.083809,3.1258352,0.5009494,-5.4300814,Esther
-294.6015,86.68415,40.678413,31.312105,-3.0999594,-2.949836,8.876207,4.9949327,-3.4101582,-5.8167715,0.013268106,-2.6697345,-5.3247876,Esther
-265.8022,96.11605,40.36816,24.234783,8.688701,8.144703,-4.7065253,-6.303724,-3.543636,-12.0816765,-11.775069,-4.4379334,3.3317034,Francisco
-218.65163,67.22419,32.74776,18.08377,2.8216472,3.3673854,-11.800276,-4.137174,-12.060785,-9.736831,-8.683729,5.2625813,-1.0476853,Francisco
-144.47485,47.49128,32.222992,16.9819,8.437181,3.826617,-3.7581253,-4.776786,-6.116747,-8.2421255,-7.538571,-2.391651,1.3875458,Francisco
-258.0559,103.578964,42.140614,23.831333,8.640369,8.465456,-3.9081943,-5.2906065,-3.0004778,-11.750122,-11.23549,-4.1193485,3.3825374,Francisco
-302.86884,118.65286,36.46449,14.9627495,1.1985924,0.1754242,-16.899334,-2.49841,-15.725698,-7.6557126,3.4103658,8.459563,-3.7699776,Francisco
-129.87746,57.38025,37.378033,18.490667,8.004339,2.594062,-5.9166293,-6.514324,-7.303963,-8.968039,-8.61842,-3.7724824,0.31101117,Francisco
-218.1669,74.13148,34.901905,17.002504,1.8410066,0.7196045,-13.379088,-3.4670105,-12.222187,-8.145421,-7.583853,6.574044,-0.7583455,Francisco
-161.01305,72.32475,36.13445,22.005842,3.3087325,0.32040742,-9.079446,-3.804314,-9.923123,-8.794972,-13.166578,0.68563753,-2.9513273,Francisco
-251.42644,128.13206,36.18366,32.217052,11.660708,-0.60332257,0.32949263,-1.4105603,-2.0885932,-6.1733565,-10.23965,2.1693056,3.0382047,Francisco
-209.4261,84.57305,29.07086,32.690937,2.804425,17.509228,-12.626185,4.2470336,-15.703363,3.4622312,-18.765278,-0.17420903,-8.638049,Francisco
-222.82367,88.66126,5.9972258,48.185852,-11.709638,34.29393,-23.103798,18.493752,-20.964949,17.103487,-18.259346,7.0066686,-14.715709,Francisco
-258.0559,103.578964,42.140614,23.831333,8.640369,8.465456,-3.9081943,-5.2906065,-3.0004778,-11.750122,-11.23549,-4.1193485,3.3825374,Francisco
-258.0559,103.578964,42.140614,23.831333,8.640369,8.465456,-3.9081943,-5.2906065,-3.0004778,-11.750122,-11.23549,-4.1193485,3.3825374,Francisco
-256.60193,105.89326,44.6464,25.581112,9.756712,9.587689,-2.964414,-4.267517,-1.4752243,-9.701466,-8.725375,-1.466021,5.647442,Francisco
-217.48705,120.67938,31.742527,25.926126,5.438092,1.1204152,-7.813891,-8.447926,-5.550562,-10.00045,-9.585048,-4.1070337,2.9656413,Francisco
-247.63603,105.05538,37.117516,22.43496,7.6206484,5.8827534,-5.961789,-4.6995664,-2.970638,-10.04007,-10.13653,-3.4768515,2.7759168,Francisco
-212.26854,121.83151,33.761295,28.873236,6.3703,2.3547912,-5.4514995,-7.5685883,-2.1161842,-8.451502,-16.363379,-2.1860774,0.41550937,Francisco
-223.53622,129.69507,35.870068,31.552984,14.722001,-1.2198071,1.3182414,-1.6500145,-3.1595447,-3.822014,-12.267307,0.46207213,0.8166917,Francisco
-251.64423,124.55383,32.312664,24.84109,14.715052,5.933079,-5.3192835,-7.258185,-7.1772203,-7.2572002,-12.899628,-2.113061,1.7051005,Francisco
-309.37582,65.99499,43.008644,16.822987,14.052432,-2.2141035,-13.0828495,-4.4731708,-4.7976446,-6.7726707,-9.219771,-6.261765,-4.3468294,Ignacio
-309.37582,65.99499,43.008644,16.822987,14.052432,-2.2141035,-13.0828495,-4.4731708,-4.7976446,-6.7726707,-9.219771,-6.261765,-4.3468294,Ignacio
-298.2556,96.58248,44.29231,12.813487,13.397832,-6.335693,-15.539587,-2.4897914,-5.259342,-6.051988,-6.3961706,-1.196462,2.3181841,Ignacio
-357.15228,70.124954,44.59166,13.784104,11.566589,-3.345617,-14.540915,-5.377029,-4.007635,-5.067819,-7.5471315,-6.423397,-3.166009,Ignacio
-171.50198,40.90871,32.50647,11.992689,9.538645,-0.14196861,-8.486595,-6.332499,-6.8770666,-5.4143834,-6.824581,-4.4433484,-1.6489674,Ignacio
-297.45,119.10706,34.21127,33.609886,-0.8818534,20.815939,-29.22831,8.725775,-17.099514,10.834578,-19.483032,7.563975,-16.935606,Ignacio
-213.10995,53.992363,29.953293,9.132807,1.4415177,-9.072028,-14.647073,-5.6992497,-9.484485,-4.066812,-6.9235964,1.8841306,-5.1170173,Ignacio
-305.81235,97.820984,36.853634,10.994559,-1.952458,-14.618967,-18.321861,-3.3805838,-10.325849,-4.4292645,-7.567727,1.0055776,-5.522782,Ignacio
-200.72005,46.568256,25.012856,17.684696,8.348938,-2.9375172,-4.722455,-5.3151937,-5.4516864,-3.6823983,-4.3885603,-2.0204308,1.3153768,Ignacio
-297.15796,106.162895,35.66311,43.89344,5.7968006,21.331482,-19.36886,12.046596,-17.626686,13.411523,-18.254482,10.872434,-14.114064,Ignacio
-153.24216,30.619259,27.693193,13.199849,9.474269,-1.4518472,-6.4000025,-2.4163885,-4.6128488,-4.3213325,-5.0729938,-3.129003,0.1404123,Ignacio
-279.67786,92.802956,47.099117,16.291027,15.653337,0.48288876,-12.859191,-3.0139565,-3.3424814,-4.485552,-6.544404,-3.045332,-1.5295947,Ignacio
-298.86835,80.0788,49.317856,19.81724,13.919255,-1.8340497,-12.700985,-3.9616716,-4.16995,-5.90594,-8.593561,-5.7949576,-4.3533163,Ignacio
-289.7027,87.03719,47.768425,17.335203,16.022732,0.6345189,-13.293171,-6.097973,-5.439678,-6.2637672,-8.59518,-5.0154076,-2.8101456,Ignacio
-251.04092,112.67542,42.48373,15.613111,12.346811,-4.06224,-10.693976,-1.5259291,-2.604924,-3.6736426,-5.2665234,-2.073594,-0.59308714,Ignacio
-287.4994,84.93065,47.596195,16.999393,18.225658,-0.10675469,-12.446562,-5.6724186,-4.9538455,-6.4365153,-8.62008,-4.1051817,-3.5342577,Ignacio
-292.5961,91.044586,44.961025,20.61004,9.927334,0.7585823,-12.833373,-7.5755377,-5.8582435,-5.4633265,-6.077558,-5.963859,-4.9956074,Ignacio
-309.05487,102.22725,34.07499,22.207413,11.907571,-5.178315,-7.260726,-3.7668006,-3.840044,-3.8650072,-6.1183105,0.4027394,0.6780325,Ignacio
-261.05038,93.67062,50.697147,24.933088,15.229623,-0.90105045,-4.1097455,-0.508898,-2.4434276,-3.8917277,-6.0565357,0.9936959,-5.362764,Ignacio
-261.9987,84.350296,1.7409884,22.587997,-2.9601142,-15.433456,-5.677669,4.8993015,-12.610949,-2.3686285,-1.4777673,-7.47194,-3.867343,Irma
-237.86668,93.20162,-28.54246,52.487583,-17.576462,17.614113,-43.758423,18.101109,-20.105444,1.934583,-14.480721,5.5386963,-9.010507,Irma
-167.09009,48.099426,7.8961062,18.09439,-0.34367934,-19.756216,-5.357321,-0.86118084,-11.208834,-5.328878,-1.6927431,-8.30964,-2.3092332,Irma
-254.28787,92.93783,6.246768,26.243935,0.24939367,-13.808952,-4.7570267,5.6550465,-12.411154,-2.3816197,-1.4199657,-7.5871835,-3.6471546,Irma
-176.50252,60.409443,-5.0267453,30.132086,-8.667702,-4.3077874,-22.720606,13.554504,-20.602564,5.330733,-13.987486,5.5315633,-17.304598,Irma
-255.62595,103.166016,8.2053175,29.253178,-0.9263624,-12.028417,-5.23554,4.2752137,-11.599974,-0.72428674,-0.13160713,-5.7386284,-0.67768407,Irma
-177.03484,49.87797,11.13736,15.882801,1.1766919,-16.103956,-4.652273,-0.014033224,-8.659029,-3.8361015,-2.3217528,-7.979671,-2.118589,Irma
-313.11612,111.42441,-10.525551,43.78088,0.10895629,2.5790143,-27.44242,9.084564,-8.6814375,-9.296428,-9.3987,5.196957,-13.983935,Irma
-242.11577,75.61377,0.17323369,28.594187,-4.325814,-24.603739,-13.086757,-4.0842814,-22.0222,-7.2395377,-1.9982147,-10.854289,-0.37523046,Irma
-240.61151,92.98904,1.7920554,31.275564,-1.8683033,-19.59943,-9.451152,1.7241067,-18.411861,-4.4805994,-3.26628,-7.89557,-2.8287222,Irma
-213.26479,79.074394,1.7406358,25.882313,-6.4368706,-19.755901,-6.042356,0.770364,-18.73903,-7.888078,-0.9567324,-10.103386,-1.8328001,Irma
-252.551,93.64522,5.8457794,25.243547,0.6963486,-13.238209,-5.266943,4.845024,-12.383774,-2.598675,-1.9288704,-7.625145,-3.5366488,Irma
-254.28787,92.93783,6.246768,26.243935,0.24939367,-13.808952,-4.7570267,5.6550465,-12.411154,-2.3816197,-1.4199657,-7.5871835,-3.6471546,Irma
-252.88773,92.08968,2.8555899,23.188677,-1.4514052,-15.102265,-6.966655,3.3600304,-13.557872,-3.2875638,-2.7699802,-8.181447,-3.3407168,Irma
-231.86285,107.30299,10.101915,28.100988,1.2958927,-11.139049,-3.5895982,4.931277,-11.746707,0.48666745,0.12014512,-5.302067,-2.2953181,Irma
-217.2835,111.65081,1.1892099,23.608837,-2.2512276,-12.962147,-6.430137,2.7122006,-12.792943,-3.2716365,-3.1987996,-7.541635,-5.1716638,Irma
-240.49149,89.14811,12.055339,32.913776,-2.2102232,-18.635363,-4.694138,2.9907203,-17.793455,-1.336237,-2.993238,-10.408499,-0.35130572,Irma
-234.22719,92.95143,6.1331124,28.466915,-3.2266068,-20.442226,-10.989328,-1.4594268,-21.07212,-5.5679517,-4.075302,-8.87591,-2.7073593,Irma
-226.54137,91.4522,3.465471,29.400518,-0.023845516,-15.34256,-6.995623,0.53936803,-18.3982,-3.742795,-2.5392752,-7.8487983,-2.1193044,Irma
-352.5823,54.07999,25.414356,12.406531,12.255643,-1.348662,-19.05518,-0.33318526,-16.062323,-9.054279,-11.548486,-4.728602,-9.823045,JesusAntonio
-375.17923,58.249405,24.476322,7.2206626,7.188818,-19.276121,-15.444064,-7.3388166,-19.744287,-7.6869817,-7.926419,-3.9180555,-3.0859275,JesusAntonio
-260.37103,123.65456,20.83801,13.906518,6.653939,-10.350328,-11.174834,4.3680587,-8.757909,-0.82435817,-1.1549779,-0.4677459,1.487957,JesusAntonio
-339.5778,99.8984,31.147179,22.873158,9.379284,18.312548,-24.73716,9.866257,-11.400318,-2.611954,-15.32831,0.5460921,-13.146402,JesusAntonio
-275.39523,127.60397,7.4905353,17.870592,-2.9932702,19.47768,-27.648954,8.463268,-18.619022,2.2799802,-16.019945,6.2199287,-13.984441,JesusAntonio
-333.6081,117.40426,23.592628,24.121668,3.2403197,22.542593,-20.015331,12.495948,-13.336363,4.857046,-11.8991375,7.9948597,-9.028916,JesusAntonio
-246.30379,35.682217,17.521347,10.011222,7.490386,1.5834038,-9.793145,-0.05136669,-9.160186,-1.5224985,-6.8416586,0.78041446,-5.2150593,JesusAntonio
-240.62773,89.914246,24.429516,23.023237,-16.450413,25.07237,-23.107113,21.09462,-20.640911,12.037331,-16.384619,3.1128523,-6.099255,JesusAntonio
-183.05876,83.78029,8.7776785,52.48239,-26.49617,38.115864,-39.06486,25.301205,-31.511349,13.629004,-20.795654,7.520292,-8.267094,JesusAntonio
-211.86742,43.437992,38.36042,15.0705385,12.368169,-0.037940342,-10.531486,0.42960164,-15.655937,-9.181993,-11.222359,-3.1277053,-7.312205,JesusAntonio
-240.1802,84.44241,39.022614,24.326744,-2.605408,-2.4624116,-8.424011,4.328653,-18.477343,2.1759725,-14.071631,11.324305,-17.297453,JesusAntonio
-238.56499,126.34253,22.799276,17.568151,8.414774,-2.4827497,-13.813918,5.980731,-7.4906173,-1.4469533,-3.5269213,1.4650521,-4.429544,JesusAntonio
-309.82144,94.32809,34.592083,14.245841,17.211506,1.8908505,-15.422669,5.2140036,-12.775848,-7.2159085,-8.320948,-1.3421139,-6.2037745,JesusAntonio
-212.13608,121.08806,12.932764,6.6050982,6.640458,1.7678921,-17.809631,1.321628,-12.120497,-3.3004842,-8.334903,0.18041459,-9.73993,JesusAntonio
-249.42886,116.24806,28.487167,12.477726,12.158972,6.7594833,-12.583505,2.4409392,-11.000853,0.68962705,-3.9247482,2.6631057,-5.193498,JesusAntonio
-278.84277,96.10673,29.117975,12.674324,17.612,4.1477036,-14.927598,6.7020254,-10.344609,-2.1258373,-5.243379,1.5592159,-5.779737,JesusAntonio
-170.06738,88.52217,28.419643,2.8136406,0.21869576,7.0654397,-11.026045,5.210825,-13.437983,4.7860804,-15.34962,6.1051064,-11.414136,JesusAntonio
-213.31581,108.218605,39.710293,14.98787,-0.022991644,-3.0772803,-17.657646,7.251054,-18.007858,5.203817,-10.201716,7.6251802,-8.032607,JesusAntonio
-276.77737,76.20078,45.977856,20.704992,17.729235,6.076635,-12.94922,5.713102,-20.07376,-4.3448834,-12.368016,0.7826212,-10.752749,JesusAntonio
-278.4666,118.24463,-20.043108,29.190151,5.249906,-2.1137664,-7.5596266,-13.180795,-7.2182455,-10.221535,-7.71329,-2.2661326,-3.2546692,Joan
-360.2155,102.59405,-20.19056,26.493692,3.0810614,-0.97662807,-6.5589175,-11.204312,-6.1185446,-7.5275316,-7.5792165,-1.0628636,-0.6305056,Joan
-290.75385,123.37935,-17.371357,29.876326,4.3062325,-1.092027,-7.3622127,-11.157685,-4.5743856,-6.969096,-6.9818954,-0.3729436,-2.7507029,Joan
-300.12717,71.746925,-24.224028,41.77594,-17.017492,29.824667,-22.604404,17.874289,-27.865788,15.245038,-20.83753,4.6534424,-14.358624,Joan
-314.65686,135.78156,-23.148308,31.230993,7.422908,6.353649,-4.2164617,-5.366418,-12.005386,-1.0999566,-13.278608,-3.343525,-2.8781562,Joan
-221.78859,78.26034,6.496733,22.345932,10.12534,1.1233821,-4.063221,-10.091003,-4.676847,-6.561581,-5.929489,0.73737335,-1.3422545,Joan
-334.96585,136.38931,-21.222921,30.463793,10.256119,6.029698,-5.584791,-4.728676,-13.769732,1.434922,-14.017668,-6.7127137,-5.07739,Joan
-374.13208,97.93106,-4.4652524,16.859392,-9.439538,-5.6011477,-8.678529,-16.385506,-4.2104945,-7.029135,-5.880349,-1.4774766,0.7980808,Joan
-288.76648,64.7769,8.784927,6.4512997,1.5215834,-8.538987,-5.797831,-8.965621,-11.065729,-5.113926,-5.888598,-3.7032387,-2.323032,Joan
-369.89026,127.8994,-1.878479,18.718166,8.857536,2.3292987,-10.040343,4.666636,-15.192554,5.8499823,-10.975064,7.3283916,-5.0406427,Joan
-255.6902,101.95216,-20.161324,28.073004,1.7363813,-12.51739,-7.755393,-13.031164,-10.815086,0.5386149,-5.2727656,0.024225011,-0.7179962,Joan
-268.12427,123.02827,-15.113341,29.916502,7.2539372,0.13617878,-6.265297,-10.6257715,-6.156542,-8.612074,-7.1071644,-0.48202005,-1.9973483,Joan
-268.12427,123.02827,-15.113341,29.916502,7.2539372,0.13617878,-6.265297,-10.6257715,-6.156542,-8.612074,-7.1071644,-0.48202005,-1.9973483,Joan
-274.76788,122.716774,-16.797907,31.392908,6.9085965,-0.7894669,-6.495329,-12.171258,-6.120384,-9.046691,-6.5971828,-1.1813161,-2.12898,Joan
-272.0793,124.57017,-14.018993,33.150726,8.31584,1.3659854,-5.0721602,-9.934838,-4.643076,-7.384559,-4.7525573,0.6856651,-0.25346437,Joan
-268.12427,123.02827,-15.113341,29.916502,7.2539372,0.13617878,-6.265297,-10.6257715,-6.156542,-8.612074,-7.1071644,-0.48202005,-1.9973483,Joan
-308.25555,108.69949,-2.7760243,19.787886,-8.123284,-6.1044574,-9.066316,-16.72681,-4.125242,-8.48348,-5.5006185,-2.0179543,0.9106854,Joan
-357.40976,119.75452,-5.8688293,9.358229,6.952082,-13.829804,-5.615688,-8.639021,-13.381028,-3.6162543,-7.1225863,-3.1115413,-1.846158,Joan
-310.1249,112.00685,6.4159327,17.832863,12.774864,-7.1066203,-0.58336973,-6.2063904,-1.9518868,-1.1083767,-0.57307035,3.276539,0.6827382,Joan
-250.36185,106.41984,31.3802,16.451986,24.227606,-0.6539604,-6.502053,4.995996,4.1740994,-2.6588237,-4.7473936,7.885408,-6.6117167,Lex
-192.32184,67.024086,6.9158325,39.324745,-5.1180515,24.431923,-25.508486,20.757936,-16.889938,20.8882,-21.15774,15.635518,-15.922775,Lex
-222.65529,119.52288,25.750044,17.93825,17.260153,-7.428126,-4.820368,5.533442,3.0534804,-1.0622343,-3.4557443,7.1569557,-6.0260763,Lex
-299.42154,97.70185,29.040987,13.804149,21.545706,-4.120334,-7.8393664,6.3054047,2.543494,-2.410565,-3.510284,6.9688745,-6.023859,Lex
-200.67451,78.706795,35.089066,17.436619,13.776351,-6.1819406,-4.5744424,3.3615992,2.53437,-2.2288377,-2.224163,3.4294667,-0.7601974,Lex
-249.94986,96.16484,31.121754,23.58349,19.178835,3.2460623,-10.316409,7.9065094,-0.11802295,4.3317246,-7.0826573,9.748972,-9.854512,Lex
-186.68832,57.846336,23.074759,18.213142,2.8450937,-5.158558,-0.16693003,3.5718577,-4.1301937,0.99264103,1.6151915,4.8726697,0.3141722,Lex
-247.07068,85.41532,37.408794,16.22223,22.030722,4.0949645,-7.1660905,3.1955872,-0.026155869,2.1454077,-3.9881954,10.672333,-5.1658587,Lex
-264.11,113.537895,11.245,9.996564,21.23337,-6.7403646,-1.6590179,0.62389934,-3.4559903,-6.48254,0.83309263,-0.903211,2.7488494,Lex
-323.96243,109.629715,31.187712,12.970969,23.516405,-2.0668952,-2.2001984,-4.719223,0.3220249,-6.4193487,0.740962,4.2040296,4.0793157,Lex
-179.24954,54.519947,29.509005,20.454718,20.990685,3.0392325,5.0508637,2.9579997,0.7122988,-0.9170541,-2.9080002,4.876061,-0.37200058,Lex
-222.65529,119.52288,25.750044,17.93825,17.260153,-7.428126,-4.820368,5.533442,3.0534804,-1.0622343,-3.4557443,7.1569557,-6.0260763,Lex
-241.74597,108.14181,29.843739,15.932111,23.959372,-1.4191672,-6.7171755,5.934807,4.041056,-2.4441543,-3.9137123,7.699175,-6.169843,Lex
-222.65529,119.52288,25.750044,17.93825,17.260153,-7.428126,-4.820368,5.533442,3.0534804,-1.0622343,-3.4557443,7.1569557,-6.0260763,Lex
-249.4399,108.00035,31.772581,16.256422,24.214516,-0.6867523,-6.64544,5.03792,4.5194283,-2.1852996,-4.4629908,7.76908,-6.913756,Lex
-247.63937,109.07131,32.73603,17.237562,24.595203,-0.45701343,-6.090139,5.3961563,4.257861,-2.4164538,-4.270587,8.3292465,-5.7891827,Lex
-247.07068,85.41532,37.408794,16.22223,22.030722,4.0949645,-7.1660905,3.1955872,-0.026155869,2.1454077,-3.9881954,10.672333,-5.1658587,Lex
-241.17548,115.52507,19.687551,3.897302,26.342503,3.5050511,-4.0755744,2.7243788,0.76058465,-1.3537921,-6.1543617,3.4596198,-6.468804,Lex
-297.32666,109.337715,35.673897,11.844864,25.874374,5.643584,-1.2919797,-3.0397794,-0.89058685,-1.4233651,-6.00708,4.8134327,-0.69892067,Lex
-386.01535,87.21809,39.851,36.50189,12.033212,-7.9858527,-3.8508785,-1.9962317,-3.1948438,-7.5977597,-2.85663,1.9618021,-4.5924406,LuisG
-269.81012,41.764668,18.899261,22.081516,9.933268,-3.9731483,-1.9158138,-0.71077687,-2.7171743,-5.023732,-1.6461506,-0.08860314,-2.3490007,LuisG
-316.87836,29.67623,10.848674,15.455986,-0.34023428,-3.8375592,-4.493909,0.09626845,-5.4947915,-0.9148274,-2.56007,0.13009055,-3.1945217,LuisG
-258.2917,75.59112,-21.643764,53.453823,-22.2561,35.207573,-31.08554,22.939007,-23.153131,14.410128,-15.680803,6.47087,-6.1264005,LuisG
-352.41666,114.377914,25.200241,27.405752,6.0285954,-13.589944,-5.2111707,-1.0339547,-1.5104421,-5.10358,-1.1394246,1.6386839,-3.668487,LuisG
-267.4077,34.290436,8.31306,18.963484,2.9985652,1.1868794,-7.514247,3.2880044,-6.923634,0.7882377,-5.2283893,4.0803857,-6.948114,LuisG
-377.86148,92.90196,36.78308,32.751076,12.054442,-6.698204,-2.8655007,-0.9464531,-2.8639698,-8.263677,-3.324763,2.097403,-4.498482,LuisG
-404.3839,113.91513,24.718784,27.843164,2.4284134,-3.5739536,-2.5838456,-2.1292517,-5.8807364,-0.78075033,3.1160989,-3.7898812,-1.7589165,LuisG
-230.49115,34.71244,10.698804,18.45781,1.8386952,-5.3255386,-6.8038225,0.43962207,-7.951437,-1.8647212,-4.0156355,1.583427,-3.515436,LuisG
-344.51077,116.48935,3.3619144,17.049654,-3.5157254,-5.8512044,-7.8291216,-6.6098094,-5.850695,-3.3044684,-0.5239666,-3.6534653,-0.6934347,LuisG
-166.62665,35.96508,16.436712,14.839383,5.0031924,-2.9647515,-3.1458795,-3.423689,-3.7624679,-5.1019626,-1.4554302,0.19839336,-1.5712521,LuisG
-360.03662,91.44651,28.354284,31.137508,12.185846,-7.7475924,-4.1175246,0.54582804,-3.6619332,-5.8532104,-3.6484387,3.0085177,-3.9884741,LuisG
-302.0192,113.64739,12.308702,20.361128,8.33656,-4.674773,-5.232741,-3.8435204,-2.9031405,-6.253221,-3.750239,1.1012696,-7.228031,LuisG
-331.4572,118.09642,22.74708,26.307598,7.577167,-12.200332,-3.9181354,0.27979824,-0.05365767,-4.172767,-0.39520195,2.0448115,-4.075781,LuisG
-377.54678,92.374916,35.261395,31.531141,13.790977,-4.349111,-3.1784024,-3.2026217,-3.3633907,-7.0024295,-2.7041812,1.7920942,-4.7194867,LuisG
-377.86148,92.90196,36.78308,32.751076,12.054442,-6.698204,-2.8655007,-0.9464531,-2.8639698,-8.263677,-3.324763,2.097403,-4.498482,LuisG
-359.89166,109.89776,34.294838,27.576698,20.351475,3.4841468,1.4831703,-1.7457793,-0.88753605,-4.9847336,-2.4127703,5.5025673,-2.6170187,LuisG
-340.90063,93.11885,26.89125,31.820118,14.220259,-5.166286,-4.5470614,2.475966,-3.0824413,-6.6933575,-1.2668505,2.3928947,-1.5104674,LuisG
-322.5014,119.219795,10.610572,16.780397,7.1855574,-2.2045183,-3.8717685,-5.451512,-5.388686,-4.155533,-4.1700172,2.2688756,-5.93512,LuisG
-269.62744,113.036354,37.695454,26.119001,-0.58422244,-11.604476,-8.839187,-15.746937,-12.830524,1.2078819,-4.0712037,-12.571481,-6.9459743,Maria
-278.53174,51.79649,18.888647,17.016674,-8.546161,-11.192759,-13.330674,-7.512508,-4.5876384,-1.3096056,-10.621189,-3.6704884,-7.1269016,Maria
-252.63614,87.4707,33.13573,29.350748,0.19360921,-12.83576,-9.611529,-15.508358,-11.386502,-0.2914385,-5.0614395,-10.5058775,-4.776164,Maria
-308.11752,111.14934,32.32877,27.19369,-1.6585621,-13.614203,-10.513539,-13.929432,-13.521288,0.8120199,-5.708459,-10.1679945,-6.7380853,Maria
-258.5578,120.249466,33.40688,25.43708,1.8360981,-8.663535,-7.721722,-13.788206,-10.094724,3.3548937,-2.3746996,-9.890684,-4.7308555,Maria
-298.88477,105.71314,8.468595,53.20683,0.20225744,9.863453,-24.988121,3.0726132,-27.606182,-2.1526952,-6.3251824,7.051285,-10.190045,Maria
-299.9477,117.465965,25.440691,19.2811,-18.251698,-12.678743,-14.074149,-10.366546,3.4540343,-2.2478461,-14.547967,-1.4659871,-3.8330488,Maria
-230.31921,107.03444,31.29944,29.03357,-7.7681065,-10.755648,-13.0446205,-10.045894,-11.424391,6.9548345,-7.054009,-13.210598,-8.043064,Maria
-171.50374,58.38235,23.078987,21.52383,-11.871015,-12.848594,-15.790177,-8.286318,-4.4336085,-0.21883775,-9.001319,-4.5396595,-7.3491,Maria
-237.60318,86.11251,3.5307598,55.3144,-13.12075,20.635277,-25.72248,13.296453,-25.81213,10.997299,-8.272311,7.308001,-8.267127,Maria
-224.62451,111.37992,31.482418,32.568535,-8.473395,-6.6342506,-4.88049,-8.770881,-9.240445,5.003098,-1.8701184,-8.159891,-7.594748,Maria
-269.3341,114.69672,35.593803,26.178383,-0.1706195,-11.016945,-9.424761,-15.826541,-12.199174,1.1403387,-4.7513647,-12.681814,-6.237172,Maria
-265.60385,114.35523,33.684708,27.045692,0.30319244,-11.566099,-9.407472,-14.32866,-11.626742,0.85334474,-4.4828176,-11.103875,-6.1946054,Maria
-258.5578,120.249466,33.40688,25.43708,1.8360981,-8.663535,-7.721722,-13.788206,-10.094724,3.3548937,-2.3746996,-9.890684,-4.7308555,Maria
-264.25146,112.23027,34.072605,27.038605,2.4574182,-12.567114,-9.272106,-14.825891,-12.209121,1.3814745,-4.638622,-11.490532,-6.6629725,Maria
-258.5578,120.249466,33.40688,25.43708,1.8360981,-8.663535,-7.721722,-13.788206,-10.094724,3.3548937,-2.3746996,-9.890684,-4.7308555,Maria
-230.31921,107.03444,31.29944,29.03357,-7.7681065,-10.755648,-13.0446205,-10.045894,-11.424391,6.9548345,-7.054009,-13.210598,-8.043064,Maria
-219.91357,102.277245,32.249226,33.47787,0.9236077,-9.370521,-11.801916,-16.385847,-9.948756,3.9521897,-3.2535284,-9.398362,-5.656393,Maria
-211.14581,120.68167,33.32506,29.98072,-10.287637,-6.423762,-5.7570763,-8.135759,-8.601912,8.98708,-8.076738,-7.3847246,-7.3313947,Maria
-325.96344,66.011406,3.2968962,9.378283,-7.0815206,-3.105656,-15.117804,-7.7685795,-14.639762,-12.010591,-12.753549,-5.5591445,-10.38661,Mariana
-239.08145,41.349342,-7.119477,16.212902,-13.121011,9.90364,-17.009308,5.742259,-21.190691,3.0160196,-19.882153,3.581821,-16.326513,Mariana
-217.5983,28.088732,4.0395174,5.5290747,-3.1664693,-2.3677008,-8.605068,-5.6429954,-10.802309,-4.780571,-9.862891,-2.1029267,-7.250208,Mariana
-248.09798,38.375645,8.159653,4.306776,-2.1906714,-5.6847486,-8.267998,-9.378034,-9.772805,-8.859158,-9.638711,-5.5954595,-6.9987235,Mariana
-211.2913,22.274277,-0.19229895,2.0453005,-8.566328,-4.972076,-9.626927,-7.228147,-8.376072,-4.1963973,-6.0655947,0.31435707,-5.781502,Mariana
-324.59735,101.48463,5.3673553,7.78656,-0.46513382,1.1248169,-11.782045,-5.6258206,-11.114093,-8.202053,-9.711646,1.112575,-9.029038,Mariana
-341.15823,63.615673,6.1278853,4.6024294,-8.215402,-8.576272,-12.334875,-10.758348,-14.327267,-6.246436,-3.7804432,-5.051897,-3.0249317,Mariana
-275.98572,74.07799,1.9653323,31.889065,-8.445847,-3.576998,-20.145693,-2.4982865,-16.533585,-9.331095,-12.5095415,0.9882541,-7.1025004,Mariana
-269.97757,71.425125,8.829398,24.525562,-15.286905,-2.8421013,-20.141119,-8.170877,-11.501773,-7.5249453,-4.4723616,2.2919846,-6.8500423,Mariana
-251.99054,61.57516,11.194354,11.220269,-11.5025215,0.5837423,-12.310944,-7.595375,-15.482528,-6.881472,-16.741285,-4.4707446,-14.971299,Mariana
-293.34268,101.775215,18.969564,25.562708,20.83376,-5.1691756,-6.1455507,-0.31266153,-9.649987,-6.2433043,-6.1846128,4.633443,-2.347724,Mariana
-321.38354,72.23603,8.247949,13.362946,-3.5452662,0.38946232,-11.502151,-4.1556325,-11.085215,-8.656604,-9.820132,-3.1149879,-8.397052,Mariana
-321.38354,72.23603,8.247949,13.362946,-3.5452662,0.38946232,-11.502151,-4.1556325,-11.085215,-8.656604,-9.820132,-3.1149879,-8.397052,Mariana
-321.38354,72.23603,8.247949,13.362946,-3.5452662,0.38946232,-11.502151,-4.1556325,-11.085215,-8.656604,-9.820132,-3.1149879,-8.397052,Mariana
-268.64005,106.80132,4.6215878,11.193288,-1.6260139,2.5119195,-12.031205,-4.0986204,-7.791925,-6.1990113,-9.732875,-2.0580509,-7.843542,Mariana
-321.38354,72.23603,8.247949,13.362946,-3.5452662,0.38946232,-11.502151,-4.1556325,-11.085215,-8.656604,-9.820132,-3.1149879,-8.397052,Mariana
-258.74585,77.92255,2.549625,32.62501,-8.455836,-1.7041149,-19.761364,-0.067300566,-14.300804,-8.806871,-13.198733,-0.2783865,-6.3332095,Mariana
-232.30917,93.14574,5.323286,31.964872,-7.8285146,3.2438595,-17.65961,-7.568827,-10.209655,-7.8395495,-9.635213,-2.3125253,-5.847006,Mariana
-287.95074,106.55862,12.730647,13.986386,-5.4848495,2.4049282,-12.035935,-9.979623,-9.440437,-12.454983,-11.555866,-7.2326703,-8.344078,Mariana
-347.57483,103.79248,22.458109,25.159414,6.0587835,-2.8040972,-12.088979,8.1665745,-18.155264,0.27645007,-8.143781,0.42270637,-1.7469555,Marlon
-307.28604,56.893616,10.437252,25.651295,-2.5274768,10.920557,-15.696616,8.97815,-17.794619,4.2787476,-14.997527,3.6600497,-10.103614,Marlon
-156.54172,37.09226,19.985512,11.95235,6.439651,-0.44591162,-2.476605,-1.3991312,-5.402377,-2.5408502,-3.0419745,-2.2594924,-0.6013769,Marlon
-429.0496,108.42133,21.83723,29.125502,8.130973,12.777179,-15.767827,11.033972,-7.8325553,-7.256632,-2.894914,-5.996013,-0.59237444,Marlon
-273.72412,80.9659,29.333881,20.931301,12.3557,-1.1919051,-5.7738814,2.0591896,-11.422606,-2.1804452,-4.5208516,-1.4072433,-0.7338984,Marlon
-256.0244,69.78941,25.879898,17.035305,2.6854782,-2.977784,-2.2132123,-2.485722,-6.3542905,5.206751,-2.2909567,4.1789627,-3.6418114,Marlon
-254.04768,59.982735,28.200663,16.728794,9.3253765,-0.003459139,-3.7115884,0.02929998,-9.797894,-2.580225,-2.326578,-1.3066913,-0.8494292,Marlon
-216.40308,38.031887,22.94605,15.141642,10.026923,2.1354246,-2.453588,-2.5823612,-2.2953956,-0.5602429,-0.3519592,0.43945643,1.8053142,Marlon
-395.23743,91.91683,17.591995,17.730265,8.231009,-11.493154,-1.1965683,-5.0860715,-8.372205,3.0620482,-2.0843797,1.6882404,-1.9577916,Marlon
-271.78796,130.4329,-6.0149884,20.830803,14.6019535,-2.5837924,-11.599324,1.3737861,-19.630783,1.4989161,-9.363694,3.1752524,-4.0203266,Marlon
-310.39798,136.98648,7.9194436,35.597736,17.216024,16.440977,-19.20092,13.643779,-9.345932,-0.27309734,-1.4535306,0.45793703,0.4613771,Marlon
-318.81253,114.431206,22.893385,24.070492,15.954934,-0.69719523,-9.511918,7.457681,-16.11751,1.013156,-7.3446445,1.4552014,-2.0247574,Marlon
-328.1096,120.46347,24.329071,26.304579,10.091875,-0.48296633,-10.34714,10.257205,-17.547207,0.33065334,-7.158542,1.0587083,-1.5950853,Marlon
-326.39307,119.870544,24.253698,23.352201,12.254804,1.9130423,-10.746976,7.2840834,-16.840113,1.7236853,-7.317864,0.35267007,-1.6591369,Marlon
-319.96365,124.49096,28.344679,27.668682,10.523296,3.918288,-7.136284,12.977619,-15.516354,3.6835253,-2.6275969,4.9770594,1.897123,Marlon
-326.39307,119.870544,24.253698,23.352201,12.254804,1.9130423,-10.746976,7.2840834,-16.840113,1.7236853,-7.317864,0.35267007,-1.6591369,Marlon
-328.0953,135.50243,21.410284,23.839256,8.516026,3.274656,-6.0092497,1.4447513,-10.027566,4.409418,-3.504062,3.582701,1.7884231,Marlon
-313.95663,109.22835,21.992453,24.34772,16.593077,-6.0010786,-3.6113367,2.8637016,-14.002468,1.5175736,-4.047481,3.374737,-2.2512696,Marlon
-244.341,133.05249,-5.924125,19.096594,11.1917715,-1.0202893,-11.158112,0.8697856,-15.329433,1.8669227,-9.421649,1.755053,-4.2787113,Marlon
-203.37442,89.65197,-4.5006456,12.780102,-2.9076476,-33.037804,-13.081321,10.687151,-19.42689,2.9254305,-7.2975264,-1.8752769,2.2323334,RamosBetancourt
-202.32037,42.815357,2.4143167,4.0853434,-5.3944874,-24.604528,-8.963439,1.0720258,-7.2261,-1.3373572,-2.3377666,-2.0336034,-1.5453832,RamosBetancourt
-243.67578,94.993034,-0.14949448,15.337454,-0.65014774,-30.89803,-11.854946,7.6477013,-19.36331,2.059501,-7.211748,-1.8921022,2.7604625,RamosBetancourt
-232.50414,128.9372,-16.137577,36.328087,-1.2123007,10.013305,-47.749313,19.262617,-9.528194,-1.9838328,0.9509751,-0.8226248,-6.2314916,RamosBetancourt
-149.03947,49.67122,-1.7162945,5.624863,-13.6116705,-24.885122,-5.7072544,1.6682637,-10.148729,2.799635,-5.9339495,-0.46589485,-4.63872,RamosBetancourt
-186.29553,65.00574,-6.399915,7.115824,-21.17675,-29.55163,2.018021,-1.9189763,-11.931979,4.509908,-9.258092,2.0248008,-10.29697,RamosBetancourt
-263.53867,80.30877,-4.6120596,10.7436905,-1.6972508,-30.894808,-9.227423,9.859254,-16.076563,3.7418153,-5.957861,-1.5419334,3.137052,RamosBetancourt
-117.014404,47.27417,8.369867,8.632783,-0.15981756,-18.666195,-17.723095,-6.2106233,-6.3156924,-2.8203926,-0.9557176,0.63597023,1.2808635,RamosBetancourt
-153.63661,65.66868,-43.060493,15.321134,-27.3372,-0.2866274,-37.414165,-3.4787486,-13.426314,5.662117,-7.762253,-2.1101122,6.1426096,RamosBetancourt
-151.01094,58.243225,-15.470676,14.895626,-15.32369,-20.138584,-14.513283,-10.1186285,-10.35708,9.190064,-9.929042,0.4002683,-0.6575603,RamosBetancourt
-286.80548,76.942024,-10.195793,17.864521,-9.465287,-13.967665,-15.270843,-7.956049,-13.180558,9.177505,-2.6896138,0.59682095,4.134172,RamosBetancourt
-183.1218,105.65654,2.1839035,18.158617,-0.29283878,-31.08265,-13.782182,8.266498,-20.522902,2.665755,-7.419111,-2.4250884,1.8849163,RamosBetancourt
-188.32346,102.69999,3.122397,18.037174,2.1633651,-27.011961,-8.677353,13.26978,-16.379509,6.2530527,-4.0582986,0.5508484,4.0481815,RamosBetancourt
-200.63028,92.4811,-2.8623679,13.931031,-1.1762567,-31.58804,-12.124433,11.009968,-18.987642,3.5728369,-6.6978087,-1.4917166,2.587547,RamosBetancourt
-201.86658,91.33901,-3.2482939,13.600512,-2.3313208,-32.4725,-12.472908,11.258713,-18.902603,3.3627126,-6.9728537,-1.6565511,2.3637004,RamosBetancourt
-200.49352,91.32123,-2.6353862,13.395447,-1.0167861,-31.947132,-12.068827,10.965143,-18.693018,3.791474,-6.6340156,-1.2920635,2.466243,RamosBetancourt
-188.07764,84.33051,2.5696924,17.186024,-3.869346,-18.958105,-24.04334,-1.7562381,-10.826594,-1.1057253,-1.5743635,2.0802534,1.3211148,RamosBetancourt
-153.54822,65.74385,-43.16973,15.402469,-27.565504,-0.33119893,-37.64016,-3.6033416,-13.643551,5.5491114,-7.8805113,-2.1954632,6.0673723,RamosBetancourt
-169.4587,73.10336,-14.6269245,20.895765,-10.645638,-14.530139,-17.530539,-7.4115605,-17.420433,7.0754685,-3.6567361,-7.180619,5.1929026,RamosBetancourt
-305.66574,126.29035,11.782378,4.221445,8.399119,-5.504774,-21.025213,-0.45765156,-0.002423135,-2.7654688,-0.19497457,-3.6102571,5.609849,Sergio
-304.99628,41.420387,13.888096,8.463433,-5.540729,-8.497412,-5.1918745,0.29865828,-7.2113523,1.1280842,-2.1551015,0.73124623,-2.7239335,Sergio
-303.22745,79.23715,22.053324,14.715872,1.3255229,-10.178074,-13.69671,-0.44172797,-7.8669977,-3.4817963,-3.7485788,0.97530544,1.3292812,Sergio
-216.62047,42.588593,19.387215,16.383957,1.9507974,-4.7872634,-8.671013,1.4613386,-8.964201,-3.8805866,-4.490685,1.0059237,-1.6963569,Sergio
-213.84041,40.861004,16.33974,11.690866,-1.6102786,-6.3260922,-7.6398115,0.7457746,-8.025196,-1.4656644,-2.8787231,0.13525766,-3.1989543,Sergio
-362.64526,113.62735,10.388613,4.51777,8.271893,-4.286232,-19.386549,-0.40924618,-0.96575433,-2.9466858,-0.50803775,-3.7210238,5.4749064,Sergio
-215.2533,52.929184,25.779375,14.592092,4.748705,-6.844605,-6.8214374,-0.052743636,-3.2396915,-3.5588744,0.7786887,1.4358673,0.6746786,Sergio
-173.47238,80.91596,22.02137,15.651249,6.859272,5.3550525,-7.8698564,-1.9462924,-0.38098732,-8.29176,-6.4929376,-1.1663756,-3.673621,Sergio
-205.14418,128.62494,10.059318,25.052517,13.334189,16.753849,-19.557085,-0.18103334,-4.349462,-13.892664,-16.907227,8.021122,-8.186883,Sergio
-303.71762,142.22673,8.362946,8.216596,10.637574,5.325217,-21.889719,-6.2661242,2.6701758,4.0523677,-11.103855,2.6778364,-2.4559693,Sergio
-252.33437,74.80535,18.029707,16.148272,4.2308073,-1.4306941,-12.525058,0.49590665,-3.1392272,-10.327257,-5.987307,-8.595129,-4.162159,Sergio
-305.4431,128.63231,12.133474,5.43392,9.176745,-4.620339,-20.252144,0.08997519,0.5757738,-2.2783406,0.19286078,-3.0753918,5.83351,Sergio
-284.82632,133.2176,10.388414,15.144306,6.9115367,-6.121841,-14.819987,1.9714048,-0.105431736,-3.0991888,1.1745136,-2.2635999,5.125653,Sergio
-305.4431,128.63231,12.133474,5.43392,9.176745,-4.620339,-20.252144,0.08997519,0.5757738,-2.2783406,0.19286078,-3.0753918,5.83351,Sergio
-305.13293,127.78059,10.048824,4.0958514,9.000484,-4.5460334,-21.331505,-1.3877455,0.056034967,-1.943762,-0.10958764,-4.2240577,5.131751,Sergio
-284.82632,133.2176,10.388414,15.144306,6.9115367,-6.121841,-14.819987,1.9714048,-0.105431736,-3.0991888,1.1745136,-2.2635999,5.125653,Sergio
-216.78033,119.606895,12.992822,16.599333,6.4810386,7.358652,-12.356167,-0.15866685,1.5015994,-9.1254635,-8.017062,0.40859565,-4.658777,Sergio
-205.97131,135.30704,8.594793,22.867632,13.650462,12.679668,-16.913483,-0.3820016,-1.314561,-11.339929,-13.9664545,7.0003004,-5.8149743,Sergio
-271.56415,138.11032,10.686323,3.8725026,13.458175,-2.8536375,-18.626205,-6.554828,7.1638694,-3.9672008,-6.7268095,1.4264107,2.2353456,Sergio
-246.62807,94.23375,-2.7720394,-8.761434,19.89474,-13.223706,-17.132662,10.285662,-2.822538,-17.847443,-1.2767249,-8.718302,-2.9542704,Vanessa
-246.62807,94.23375,-2.7720394,-8.761434,19.89474,-13.223706,-17.132662,10.285662,-2.822538,-17.847443,-1.2767249,-8.718302,-2.9542704,Vanessa
-278.67358,121.91515,-4.0358934,8.500829,9.103333,17.530413,-36.379833,11.121481,0.54444236,1.1375185,-15.859377,15.260651,-14.446116,Vanessa
-127.37443,45.80589,5.773881,2.4119973,6.4775786,-9.507876,-12.141158,-1.5543479,-2.919447,-9.230623,-4.270127,-3.640684,-5.179498,Vanessa
-263.84796,71.00231,-16.09725,23.83831,-13.462144,19.290722,-34.647984,13.583429,-17.435806,11.715148,-21.592232,12.348694,-13.31024,Vanessa
-163.5021,55.211185,6.8039527,4.7697797,12.812716,-8.372931,-9.906528,4.1123405,-0.007363979,-8.373059,-0.9308362,-3.185933,-2.5104096,Vanessa
-274.51608,122.03135,-3.910116,4.81054,13.688968,12.153314,-34.83847,15.117532,-0.22802508,-0.69519204,-14.540302,11.766233,-17.549759,Vanessa
-196.27826,46.281967,4.9097524,5.336433,-7.111876,-25.505085,-15.80882,5.2603583,-4.919551,-2.7536676,-1.297616,-3.3300364,-2.530007,Vanessa
-191.21469,55.50554,2.9341772,-1.8248262,-17.817465,-19.290577,-10.864441,1.3137879,-14.586941,-0.28793737,-12.27681,-6.167474,-3.0855448,Vanessa
-273.4666,110.69416,-6.7080083,36.35353,-7.0930123,14.679932,-31.716873,7.0044246,-14.779674,6.872249,-14.284895,8.675183,-9.592442,Vanessa
-242.38058,91.139206,-4.211692,11.312787,12.91706,-10.388006,-8.326396,4.4476113,-9.052651,-0.85205716,-6.908341,-1.9532087,-0.8894026,Vanessa
-230.2738,109.8872,3.643381,-1.3078563,21.435377,-11.965877,-15.48113,10.277969,-1.3786402,-13.031646,2.9480324,-5.673569,-0.95074373,Vanessa
-217.88281,109.33307,-2.4934483,-1.8843895,17.044266,-14.753756,-17.261944,5.754379,-3.7978013,-15.545441,-0.6919469,-7.6847534,-3.8344288,Vanessa
-217.88281,109.33307,-2.4934483,-1.8843895,17.044266,-14.753756,-17.261944,5.754379,-3.7978013,-15.545441,-0.6919469,-7.6847534,-3.8344288,Vanessa
-237.7511,105.15578,4.5265007,-2.3255548,24.550592,-11.319246,-14.945431,12.0759945,-0.73517185,-14.166345,1.7330242,-5.429305,-1.4675807,Vanessa
-237.7511,105.15578,4.5265007,-2.3255548,24.550592,-11.319246,-14.945431,12.0759945,-0.73517185,-14.166345,1.7330242,-5.429305,-1.4675807,Vanessa
-192.74017,87.00017,1.3022705,13.963229,-7.072442,-31.414248,-22.61787,14.730744,-11.827328,-0.7100298,-6.6002316,-4.678489,-1.9654236,Vanessa
-242.86029,87.375854,15.456824,5.877821,-2.5621192,-15.51324,-22.424932,6.274536,-12.019216,-5.086812,-2.5923145,-13.491474,-5.7550006,Vanessa
-223.78531,88.49937,12.2237,16.872692,1.6310974,-13.893181,-13.86349,-0.5477072,-5.1947594,-5.3471565,-2.3855245,-3.7170062,-7.356359,Vanessa
-298.74448,79.66284,2.1121461,8.022549,-18.10066,-8.587112,-11.583578,-14.247008,-3.7019506,-10.166411,-7.593036,-3.8545523,-5.627666,Yoselin Estudillo
-317.95377,91.488594,-3.9302466,19.73241,-19.768682,-8.594285,-11.571333,-13.189541,-13.016587,-0.66859394,-15.832472,-0.26691622,-11.472053,Yoselin Estudillo
-168.19446,45.24812,4.4195414,5.84294,-12.932447,-4.7887406,-12.364004,-5.983528,-7.281877,-2.2055974,-8.780755,0.7335694,-5.983924,Yoselin Estudillo
-295.11923,84.642586,-3.8030918,-2.972866,-27.32582,-3.7314956,-18.90967,-3.2980728,-11.2720995,-6.736184,-2.9165833,-4.640029,-4.754805,Yoselin Estudillo
-194.32558,48.161583,7.1077685,3.0020642,-11.608087,-8.371354,-8.984986,-10.450406,-3.6086094,-7.713205,-6.2504544,-3.178245,-2.8794067,Yoselin Estudillo
-245.4107,47.34986,7.017126,2.5110097,-14.082093,-4.8320537,-9.703364,-3.9660509,-3.9298072,-2.3246293,-4.681514,1.0731696,-2.6574855,Yoselin Estudillo
-310.25137,84.23042,-2.4789047,1.289634,-27.794777,-3.3996508,-18.29252,-5.3724513,-8.960448,-10.059868,-3.3083599,-6.471105,-4.1877055,Yoselin Estudillo
-174.88208,42.291748,10.089119,3.9526422,-6.6421986,-10.290595,-10.936085,-11.190249,-6.5249457,-6.189946,-1.5611758,-0.57474774,-2.2399,Yoselin Estudillo
-335.61307,60.81964,-9.617462,14.188275,-19.220713,-1.1028204,-21.59492,-3.2550716,-21.505398,4.3089337,-14.655561,9.046543,-10.913068,Yoselin Estudillo
-286.67734,110.70723,7.463918,18.794428,-4.9813666,-2.3222077,-3.577655,-10.366091,-0.5523125,-5.7522883,2.2401266,2.2830956,-8.662312,Yoselin Estudillo
-333.90884,97.298225,0.6377442,17.189552,-13.899642,-7.5618443,-10.593421,-9.832516,-1.539182,-10.4027195,-1.8494296,4.089526,-10.512786,Yoselin Estudillo
-283.04602,93.88796,8.130477,11.930535,-13.633227,-4.1916285,-8.057062,-10.9955435,-0.7664989,-7.3767576,-4.923101,-1.5042659,-3.7602577,Yoselin Estudillo
-284.88257,90.43078,5.798718,10.150867,-16.722103,-7.6444135,-10.992599,-12.679756,-3.0138698,-9.260965,-7.1496453,-2.6387782,-4.821949,Yoselin Estudillo
-292.04144,88.089096,8.742307,13.119086,-14.010701,-5.3555956,-9.071607,-12.068219,-1.5828863,-8.184909,-5.8562446,-2.2741992,-4.0172,Yoselin Estudillo
-260.8838,114.135315,11.881329,13.20015,-13.747574,-7.409802,-9.23965,-9.854796,-0.14163698,-6.9042206,-3.713008,-0.53116,-2.1210513,Yoselin Estudillo
-294.76385,84.57738,5.8391,10.649504,-16.200151,-7.03639,-10.318527,-13.184649,-2.785276,-9.401982,-7.012991,-3.435723,-5.211274,Yoselin Estudillo
-273.81277,104.61081,12.241676,13.999006,-11.744294,-10.344493,-10.909018,-12.503935,-4.032523,-6.711465,-1.453835,-0.06417618,-4.1184654,Yoselin Estudillo
-325.2348,83.18063,1.5510494,7.0439997,-9.637145,-7.2494774,-12.72618,-16.403936,-10.348583,-3.990924,-3.3066337,-4.1929755,-4.1585813,Yoselin Estudillo
-286.67734,110.70723,7.463918,18.794428,-4.9813666,-2.3222077,-3.577655,-10.366091,-0.5523125,-5.7522883,2.2401266,2.2830956,-8.662312,Yoselin Estudillo
-230.1175,103.2467,8.480702,12.779552,14.565905,2.2309492,-1.2597283,-4.5348954,-1.183254,3.8511355,0.33460864,-4.9354854,-6.861606,Yosira
-260.61746,110.94999,5.207039,17.40315,8.914831,9.228201,-6.404186,2.7941172,-10.270349,8.310206,-2.9359694,6.7746916,-13.732921,Yosira
-184.67383,72.982315,-6.646379,27.5381,-6.5126424,21.774326,-18.70996,12.421674,-19.553553,16.702784,-12.422232,12.681046,-16.332926,Yosira
-205.99292,76.85677,-6.482333,24.935896,-5.4604,18.26117,-20.406685,7.478658,-19.41427,14.703364,-9.168916,12.983036,-13.961272,Yosira
-235.00858,70.45434,12.492006,13.074098,10.323972,-0.09269865,-1.3521985,-2.7991514,-0.09712781,4.01071,1.6044072,-3.201534,-4.7168136,Yosira
-221.08922,77.95228,2.492214,19.941017,4.6247787,8.300582,-12.768523,3.4250374,-10.58989,9.955838,-4.196728,4.8311853,-13.933261,Yosira
-249.61133,102.39746,-0.3486986,15.320677,4.935974,-2.7672145,-6.4833646,-1.185519,2.1940134,-0.5645048,-10.603388,-6.803894,-2.8960364,Yosira
-149.98613,58.476654,19.160849,15.275565,7.847434,0.26684466,-4.6421075,-2.11759,-0.66503847,2.1591873,-1.6231787,-4.610977,-0.10779868,Yosira
-234.91801,118.3557,0.01159749,23.151327,8.593656,-4.3313518,-5.03347,-6.5375786,-2.8959954,-0.8262674,-5.8615675,-7.727149,-2.2911086,Yosira
-299.03076,66.43662,-20.241816,41.595654,-12.801029,24.237757,-19.342833,18.029657,-16.832039,6.4328628,-9.604039,6.589372,-5.2856016,Yosira
-234.43353,116.60714,6.748718,19.511627,16.518475,10.516965,1.0697688,0.014240019,3.0524786,2.4615378,2.3718839,-2.9092572,-2.126417,Yosira
-228.10579,106.1468,10.001075,13.555203,15.013565,2.4119372,-0.997414,-4.052533,-0.851617,4.275425,1.115552,-3.9630117,-5.705643,Yosira
-226.80121,103.044395,8.566049,12.679171,15.750378,1.2267604,-1.0589588,-4.1006556,-1.032158,3.7942662,0.3711954,-4.4542027,-7.0273533,Yosira
-221.31984,109.04836,12.248142,15.259372,16.983442,0.5474633,-0.5505836,-3.2603464,-0.550749,4.7850986,1.5089475,-2.5942824,-5.732857,Yosira
-224.89424,105.89075,8.369378,12.765905,14.860133,1.5450432,-2.4117405,-4.2224417,-0.99063075,3.9320118,0.42596164,-4.4238954,-6.3430195,Yosira
-229.182,103.96876,8.8035965,12.783594,14.4364805,2.0800247,-1.4289662,-4.6543775,-1.2195148,3.8628294,0.34472218,-4.904789,-6.7644696,Yosira
-217.86844,112.23743,12.457252,17.577915,6.647514,-0.7596752,-6.771097,0.07747297,-2.283016,2.5897362,0.0357894,-6.267852,0.11829707,Yosira
-220.62488,122.5483,3.669344,24.223661,13.735177,-1.6241624,-3.3038828,-4.1539116,-2.5555968,-0.9392364,-4.5408564,-5.0571833,-1.7826755,Yosira
-262.91443,93.95518,12.610181,25.068573,8.03729,1.7584244,-1.2711916,-4.3348355,-5.167111,-0.47766802,-1.2896852,-6.4162836,-6.3774686,Yosira
